codigo_fii;setor;liquidez_diaria;P/VP;dy_12m;Variação Preço;Patrimônio Líquido;Num. Cotistas;data_coleta;qtd_pagamentos_12m;primeira_data_pagamento_12m;primeiro_valor_pagamento_12m;ultima_data_pagamento_12m;ultimo_valor_pagamento_12m
TRUE11;Misto;116380,23;086;59,86;7,78 %;70.205.798,42;2.791;2026-10-02;0;;;;
PFIN11;Indefinido;778631,86;;47,81;6,61 %;;0;2026-10-02;0;;;;
BDIV11;Indefinido;272839,5;;21,6;14,57 %;;0;2026-10-02;0;;;;
ENDD11;Indefinido;154675,36;;5,64;10,02 %;;0;2026-10-02;0;;;;
HBCR11;Indefinido;7355697,13;110;5,36;-0,36 %;208.729.525,96;73;2026-10-02;0;;;;
KNOX11;Indefinido;281186,05;;4,23;8,48 %;;0;2026-10-02;0;;;;
XPIE11;Indefinido;588490,77;;1,9;5,95 %;;0;2026-10-02;0;;;;
JGPX11;Indefinido;372141,18;055;1,87;-6,79 %;205.083.012,03;5.373;2026-10-02;0;;;;
SMRE11;Incorporações;156305,77;054;1,79;-0,36 %;102.371.038,42;1.233;2026-10-02;0;;;;
DEVA11;Papéis;377407,23;018;1,74;-5,02 %;1.327.130.414,42;73.595;2026-10-02;0;;;;
