CNPJ_Fundo_Classe;Data_Referencia;Versao;Nome_Ativo;Principais_Caracteristicas;Valor
03.855.441/0001-63;2026-03-31;1;Santos;Arrend Mercantil Financeiro;272463564.66
03.855.441/0001-63;2026-03-31;1;Laboratório de Fluidos;Arrend Mercantil Financeiro;63479020.79
08.417.532/0001-30;2026-03-31;1;Basul;Arrendamento Mercantil Financeiro;180521560.96
08.417.532/0001-30;2026-03-31;1;Bapon;Arrendamento Mercantil Financeiro;55134011.02
16.543.270/0001-89;2026-03-31;1;3 Apartamentos MG;Edificio Bossa Nova -BURITI-VEREDAS;3000000
16.543.270/0001-89;2026-03-31;1;Terras Empreendimentos-TRIPOLI;Obras finalizadas o mercado regional ainda incipiente possui grande potencial ( Bonito MS);20000000
16.543.270/0001-89;2026-03-31;1;120 LOTES -JARDINS MONET;JARDINS MONET-MG - ABAETÉ;12000000
16.543.270/0001-89;2026-03-31;1;80 LOTES -JARDINS MONET;JARDINS MONET-MG - ABAETÉ;8000000
16.543.270/0001-89;2026-03-31;1;BELA VISTA III 70 UNIDADES;BELA VISTA III -MG-FUNILÃNDIA;7000000
