CNPJ_Fundo_Classe;Data_Referencia;Versao;Tipo;Emissor;CNPJ_Emissor;Emissao;Serie;Codigo_Acao;Nome_Ativo;Data_Vencimento;Quantidade;Valor
00.868.235/0001-08;2026-03-31;1;Outras Cotas de FI;Bradesco FIC FI RF Referenciado DI;32312124000107;;;;;;830882.01497;1539526.91
01.201.140/0001-90;2026-03-31;1;Outras Cotas de FI;Itaú Soberano RF Simples LP FICFI;6175696000173;;;;;;117755.04659;9958000.36
03.855.441/0001-63;2026-03-31;1;Outras Cotas de FI;L.F. Macaé FI RF;13950198000116;;;;;;390413.1465437;141079433.09
04.644.612/0001-78;2026-03-31;1;Outros Ativos Financeiros;TESOURO NACIONAL;00.394.460/0409-50;;;;LFT COMPROMISSADA;;29;541705.28
05.562.312/0001-02;2026-03-31;1;Outras Cotas de FI;DAYCOVAL TITULOS PUBLICOS I FI RF;;;;;;;3838.83;6834486.66
08.417.532/0001-30;2026-03-31;1;Outras Cotas de FI;Itaú Soberano RF Simples FIC;6175696000173;;;;;;335906.24746;28406039.72
10.456.799/0001-89;2026-03-31;1;Cotas de Sociedades;Bauen 154 Construções Ltda;12988428000173;;;;;;99.8;10000
10.456.799/0001-89;2026-03-31;1;Cotas de Sociedades;MVP Empreendimentos Imobiliários Ltda;16708583000140;;;;;;1;100
10.456.799/0001-89;2026-03-31;1;Cotas de Sociedades;Empresa Pelotense de Shopping Centers;13025790000101;;;;;;44.444;128733.73
10.456.799/0001-89;2026-03-31;1;FII;Fundo de Investimento Imobiliário Hermes;868235000108;;;;;;1;25034913.11
10.456.799/0001-89;2026-03-31;1;Outras Cotas de FI;Banco BTG Pactual Plus FI RF Crédito Privado;30306294000226;;;;;;1;2094163.66
10.456.799/0001-89;2026-03-31;1;Outras Cotas de FI;Banco do Estado do RGS;92702067000196;;;;;;1;540853.93
10.456.799/0001-89;2026-03-31;1;Outras Cotas de FI;Itaú Empresa Trust RF Referenciado;6175696000173;;;;;;11390.77;2090462.08
10.456.799/0001-89;2026-03-31;1;FII;Fundo de Investimento Imobiliário Multishopping;22459737000100;;;;;;1;4655905.6
11.827.568/0001-05;2026-03-31;1;FII;CLIN11;49005348000160;;;;;;750;67867.5
11.827.568/0001-05;2026-03-31;1;FII;PORD11;17156502000109;;;;;;10000;84300
11.827.568/0001-05;2026-03-31;1;FII;BTLG11;11839593000109;;;;;;1281;132391.35
11.827.568/0001-05;2026-03-31;1;FII;HGRU11;29641226000153;;;;;;234;30417.66
11.827.568/0001-05;2026-03-31;1;FII;RECR11;28152272000126;;;;;;1000;80760
11.827.568/0001-05;2026-03-31;1;Outros Ativos Financeiros;TESOURO NACIONAL;00.394.460/0409-50;;;;LFT COMPROMISSADA;;20;373589.85
11.827.568/0001-05;2026-03-31;1;CRI/CRA;Brasil Terrenos Holding S.A.CRI -25H0243074;20961867000110;15082025;1;;;;30;30263.14
11.827.568/0001-05;2026-03-31;1;CRI/CRA;SENDAS DISTRIBUIDORA S/A- CRI-21H1078699;6057223000173;15102021;1;;;;976;1096724.28
11.827.568/0001-05;2026-03-31;1;FII;XPML11;28757546000100;;;;;;2302;248823.18
11.827.568/0001-05;2026-03-31;1;FII;CPSH11;18979895000113;;;;;;5000;52950
11.827.568/0001-05;2026-03-31;1;FII;VCRR11;29852732000191;;;;;;495;33075.9
11.827.568/0001-05;2026-03-31;1;FII;KNIP11;24960430000113;;;;;;500;45825
11.827.568/0001-05;2026-03-31;1;FII;CPTS11;18979895000113;;;;;;20000;159600
11.827.568/0001-05;2026-03-31;1;Outras Cotas de FI;CARDINAL PART RET ABS INST FI MULT;46300565000195;;;;;;5053048.473829;6943710.23
11.827.568/0001-05;2026-03-31;1;FII;PVBI11;35652102000176;;;;;;600;45600
11.827.568/0001-05;2026-03-31;1;FII;KNSC11;35864448000138;;;;;;10000;90400
11.827.568/0001-05;2026-03-31;1;FII;RBRP11;21408063000151;;;;;;241;12580.2
11.827.568/0001-05;2026-03-31;1;Outras Cotas de FI;CARDINAL ATIVO FI RENDA FIXA;37240631000198;;;;;;18419065.4687021;30735010.43
11.827.568/0001-05;2026-03-31;1;FII;HGRE11;9072017000129;;;;;;1000;120500
11.827.568/0001-05;2026-03-31;1;FII;HGLG11;11728688000147;;;;;;537;83847.18
13.125.823/0001-95;2026-03-31;1;Outras Cotas de FI;FI BRL2314 - FI RF BRL SOBERANO REF DI LP;43690520000186;;;;;;37.04;60660.73
13.555.918/0001-49;2026-03-31;1;Outras Cotas de FI;SANTANDER RENDA FIXA;9577447000100;;;;;;0.146671;4.43
13.555.918/0001-49;2026-03-31;1;Ações de Sociedades;QUEIMADOS 3;;;;;;;3130949;34362938.8
13.555.918/0001-49;2026-03-31;1;Outros Ativos Financeiros;AFAC QUEIMADOS 3;;;;;AFAC QUEIMADOS 3;;1;1702200
13.555.918/0001-49;2026-03-31;1;Ações de Sociedades;AGERA;;;;;;;13396368;12935859.41
13.555.918/0001-49;2026-03-31;1;FII;SAO DOMINGOS;16543270000189;;;;;;98099.13457;4461187.04
13.555.918/0001-49;2026-03-31;1;Ações de Sociedades;QUEIMADOS 2;;;;;;;2359222;12886000
13.555.918/0001-49;2026-03-31;1;Outros Ativos Financeiros;AFAC AGERA;;;;;AFAC AGERA;;1;8399200
13.555.918/0001-49;2026-03-31;1;Outros Ativos Financeiros;SALDO BLOQ B.SANTAN;;;;;SALDO BLOQ B.SANT;;1;4554.73
14.631.148/0001-39;2026-03-31;1;Outras Cotas de FI;CARDINAL JURO REAL FIRF IMAB;37240657000136;;;;;;676464.46;895349.66
14.631.148/0001-39;2026-03-31;1;Outras Cotas de FI;CARDINAL ATIVO FIRF;37240631000198;;;;;;1261577.27;2089119.96
14.631.148/0001-39;2026-03-31;1;Outras Cotas de FI;BTG PACTUAL TESOURO IPCA;9814233000100;;;;;;62263;407175.47
14.721.889/0001-00;2026-03-31;1;Outras Cotas de FI;FI RF BRL REFERENCIADO DI LP;15348108000147;;;;;;508.08;1820457.02
15.461.076/0001-91;2026-03-31;1;Outras Cotas de FI;CARDINAL PARTNERS RF ATIVO;37240657000136;;;;;;3882309.4546;6478223.44
15.461.076/0001-91;2026-03-31;1;Outros Ativos Financeiros;TESOURO NACIONAL;394460040950;;;;LFT;;43;803218.17
16.543.270/0001-89;2026-03-31;1;Ações de Sociedades;PAULÍNIA DO BRASIL PROJ. IMOB. LTDA;12031940000127;;;;;;9030072;7700000
16.543.270/0001-89;2026-03-31;1;FII;BRAZIL REALTY FUNDO DE INVESTIMENTO IMOBILIÁRIO;14074706000102;;;;;;199350;3943143
16.543.270/0001-89;2026-03-31;1;FII;AQUILLA FII;13555918000149;;;;;;117.43938339;92874.07
19.267.845/0001-76;2026-03-31;1;Outras Cotas de FI;FICFI ITAU SOBERANO RF SIMP LP;6175696000173;;;;;;17890.7576;1507819.56
20.118.470/0001-61;2026-03-31;1;Outras Cotas de FI;ID RF LP FIC FI;;;;;;;70.49;98084.76
22.169.716/0001-50;2026-03-31;1;Outras Cotas de FI;FICFI ITAU SOBERANO RENDA FIXA SIMPLES LP;6175696000173;;;;;;6121.8081;512307.12
22.169.716/0001-50;2026-03-31;1;Ações de Sociedades;ALIANZA EOS;23575271000170;;;;;;13973345;316004.05
36.312.025/0001-78;2026-03-31;1;Outras Cotas de FI;FIRF ID SOBERANO;50191107000132;;;;;;99.33668264;142378
36.501.210/0001-00;2026-03-31;1;Outros Ativos Financeiros;TESOURO NACIONAL;00.394.460/0409-50;;;;LFT Compromissada;;268;5006073.39
36.669.660/0001-07;2026-03-31;1;FII;TG REAL ESTATE FII;44625562000104;;;;;;500000;4602222.67
36.669.660/0001-07;2026-03-31;1;FII;HSLG11 - HSI LOGISTICA - FII BRL1832;32903621000171;;;;;;79667;7293513.85
36.669.660/0001-07;2026-03-31;1;FII;KNIP11 - FII KINEA IP;24960430000113;;;;;;126977;11637442.05
36.669.660/0001-07;2026-03-31;1;Outras Cotas de FI;FICFI ITAU SOBERANO RENDA FIXA SIMPLES LP;6175696000173;;;;;;146550.072;12343871.81
36.669.660/0001-07;2026-03-31;1;FII;FII SUNO ENERGIAS LIMPAS;43741171000184;;;;;;1442307.86;11721631.87
36.669.660/0001-07;2026-03-31;1;FII;TVRI11 - TIVIO RENDA IMOBILIÁRIA;14410722000129;;;;;;120912;12110545.92
36.669.660/0001-07;2026-03-31;1;FII;TGAR11 - FII TG ATIVO;25032881000153;;;;;;92918;6615761.6
36.669.660/0001-07;2026-03-31;1;FII;BRCR11 - FII BC FUND;8924783000101;;;;;;192783;9014533.08
36.669.660/0001-07;2026-03-31;1;FII;GGRC11 - FII  GGRCOPEV;26614291000100;;;;;;489126;5037997.8
36.669.660/0001-07;2026-03-31;1;FII;KNCR11 - FII KINEA RI;16706958000132;;;;;;93524;9914479.24
36.669.660/0001-07;2026-03-31;1;FII;PVBI11 - FII VBI PRI;35652102000176;;;;;;126000;9576000
36.669.660/0001-07;2026-03-31;1;FII;BRCO11 - FII BRESCO;20748515000181;;;;;;85495;9877237.35
36.669.660/0001-07;2026-03-31;1;FII;HGLG11 - FII CSHG LOG;11728688000147;;;;;;74197;11585119.58
36.669.660/0001-07;2026-03-31;1;FII;VISC11 - VINCI SHOPPING CENTERS FII;17554274000125;;;;;;114544;12531113.6
36.669.660/0001-07;2026-03-31;1;FII;HGRU11 - FII CSHG URB;29641226000153;;;;;;79480;10331605.2
36.669.660/0001-07;2026-03-31;1;FII;MCCI11 - FII MAUA;23648935000184;;;;;;102995;9664020.85
36.669.660/0001-07;2026-03-31;1;FII;CNES11 - FII CENESP;13551286000145;;;;;;192783;296885.82
36.669.660/0001-07;2026-03-31;1;FII;KNHY11 - FII KINEA HY;30130708000128;;;;;;125700;12509664
36.669.660/0001-07;2026-03-31;1;FII;LVBI11 - FII VBI LOG;30629603000118;;;;;;113680;12445686.4
36.669.660/0001-07;2026-03-31;1;FII;RECR11 - FII UBS (BR);28152272000126;;;;;;123787;9997038.12
36.669.660/0001-07;2026-03-31;1;FII;HSML11 - FII HSI MALL;32892018000131;;;;;;135937;12923530.59
36.669.660/0001-07;2026-03-31;1;FII;HGRE11 - FII HG REAL;9072017000129;;;;;;83808;10098864
36.669.660/0001-07;2026-03-31;1;FII;CPTS11 - FII CAPI SEC;18979895000113;;;;;;1571540;12540889.2
36.669.660/0001-07;2026-03-31;1;FII;FII JERUSALÉM XXX RESP LIMITADA;64987074000146;;;;;;99821542;99222910.22
36.669.660/0001-07;2026-03-31;1;FII;INLG11 - FII LGCP INT;34598181000111;;;;;;67730;5079750
36.669.660/0001-07;2026-03-31;1;FII;HGCR11 - FII CSHG CRI;11160521000122;;;;;;126529;12394780.84
36.669.660/0001-07;2026-03-31;1;FII;HGBS11 - FII HEDGEBS;84317470000106;;;;;;608720;12442236.8
36.669.660/0001-07;2026-03-31;1;FII;JSRE11 - FII JS REAL;13371132000171;;;;;;142560;9568627.2
36.669.660/0001-07;2026-03-31;1;FII;XPML11 - FII XP MALLS;28757546000100;;;;;;111462;12047927.58
36.669.660/0001-07;2026-03-31;1;FII;XPLG11 - FII XP LOG;26502794000185;;;;;;121465;12218164.35
36.669.660/0001-07;2026-03-31;1;FII;DPRO11 - FII DEVA PRO;42922127000108;;;;;;800000;4728000
36.669.660/0001-07;2026-03-31;1;FII;VCJR11 - FII VECTIS;32400250000105;;;;;;64904;5126766.96
36.669.660/0001-07;2026-03-31;1;FII;VILG11 - FII VINCILOG;24853044000122;;;;;;113378;11213084.2
36.669.660/0001-07;2026-03-31;1;FII;MXRF11 - FII MAXI REN;97521225000125;;;;;;1280000;12697600
36.669.660/0001-07;2026-03-31;1;FII;FII BRL2354 - NAVI CREDITO IMOBILIARIO;40041603000156;;;;;;400000;4017249.04
36.669.660/0001-07;2026-03-31;1;FII;KNRI11 - FII KINEA;24960430000113;;;;;;80518;13525413.64
36.669.660/0001-07;2026-03-31;1;FII;IRIM11 - FII IRIM;41076564000195;;;;;;113577;7350703.44
36.669.660/0001-07;2026-03-31;1;FII;BTLG11 - FII BTLG;11839593000109;;;;;;133329;13779552.15
36.669.660/0001-07;2026-03-31;1;FII;DEVA11 - FII DEVANT;37087810000137;;;;;;81258;1942066.2
36.669.660/0001-07;2026-03-31;1;FII;HCTR11 - FII HECTARE;30248180000196;;;;;;116600;2428778
36.669.660/0001-07;2026-03-31;1;FII;GTWR11 - FII G TOWERS;23740527000158;;;;;;122502;10519246.74
36.669.660/0001-07;2026-03-31;1;FII;TRXF11 - FII TRX REAL ESTATE RESP LTDA;28548288000152;;;;;;55012;5051751.96
36.885.948/0001-19;2026-03-31;1;Outras Cotas de FI;ID RF LP FIC FI;50269714000178;;;;;;32.55894361;45303.78
36.885.948/0001-19;2026-03-31;1;Outras Cotas de FI;FIRF ID SOBERANO;50191107000132;;;;;;1.37764863;1974.57
36.885.989/0001-05;2026-03-31;1;Outras Cotas de FI;ID RF LP FIC FI;50269714000178;;;;;;30.1061792;41890.91
40.346.049/0001-15;2026-03-31;1;Outros Ativos Financeiros;ITAU UNIBANCO S.A.;60701190000104;;;;CDB-POS 252;;182774;1912029.68
40.346.049/0001-15;2026-03-31;1;Outras Cotas de FI;Itaú Index Simples Selic Emp RF FIC FI;40457904000165;;;;;;3543.77404;60493.95
40.886.521/0001-02;2026-03-31;1;Outras Cotas de FI;FICFI ITAU TOP RENDA FIXA REFERENCIADO DI;5902521000158;;;;;;161932.18;1381421.45
40.887.170/0001-54;2026-03-31;1;Ações de Sociedades;PNCP EMPREENDIMENTOS IMOBILIARIOS LTDA;42480646000163;;;;;;25000000;22662518.39
40.887.170/0001-54;2026-03-31;1;Outras Cotas de FI;FICFI ITAU SOBERANO RENDA FIXA SIMPLES LP;6175696000173;;;;;;5641.45;471773.13
41.219.454/0001-35;2026-03-31;1;Outras Cotas de FI;ID RF LP FIC FI;50.269.714/0001-78;;;;;;22.81373471;31743.91
41.219.454/0001-35;2026-03-31;1;Cotas de Sociedades;AIREDALE PART LTDA;8958577000112;;;;;;4133758;15933758.01
41.650.310/0001-39;2026-03-31;1;Outras Cotas de FI;ID RF LP FIC FI;50.269.714/0001-78;;;;;;69.34246678;96485.79
41.969.521/0001-39;2026-03-31;1;Ações de Sociedades;SPE MTR IMOB;55804505000109;;;;;;8100000;8052333.43
41.969.521/0001-39;2026-03-31;1;Outras Cotas de FI;BRADESCO ASSET FIC FI RF REFERENCIADO DI;32158410000151;;;;;;1866.5052135;3537.14
41.969.521/0001-39;2026-03-31;1;Outras Cotas de FI;FIF LASER SOBERANO REF DI LP - CLASSE;58564663000119;;;;;;659.63858859;773786.91
41.969.521/0001-39;2026-03-31;1;Ações de Sociedades;SPE DF CENTURY;14949157000172;;;;;;22700542;23146305.51
41.969.521/0001-39;2026-03-31;1;Outras Cotas de FI;FIC FI RF REF BRADESCO EMPRESA DI FEDERAL;824198000128;;;;;;10.0527646;95.49
42.273.325/0001-98;2026-03-31;1;Outras Cotas de FI;FICFI ITAU SOBERANO RENDA FIXA SIMPLES LP;6175696000173;;;;;;620655.64;52104118.83
42.273.325/0001-98;2026-03-31;1;FII;ALIANZA CRÉDITO RENDA MAIS FII RESP LIMITADA SUBCLASSE B;11728688000147;;;;;;35000;3523020.08
42.273.325/0001-98;2026-03-31;1;FII;FII TG ATIVO - TGAR11;25032881000153;;;;;;32800;2335360
42.273.325/0001-98;2026-03-31;1;FII;FII SUNO ENERGIAS LIMPAS;43741171000184;;;;;;1668469;13559642.81
42.273.325/0001-98;2026-03-31;1;FII;INVISTA BRAZILIAN BUSINESS PARK FII;52551605000174;;;;;;1246105;1526376.33
42.273.325/0001-98;2026-03-31;1;FII;FII CSHG CRI - HGCR11;11160521000122;;;;;;9285;909558.6
42.273.325/0001-98;2026-03-31;1;CRI/CRA;CRI_24K3211803 - VIRGOSEC;8769451000108;213;1;;;;5000;4774870.67
42.273.325/0001-98;2026-03-31;1;CRI/CRA;CRI_24I2268708_DU - CANAL CIA DE SEC;41811375000119;115;1;;;;1215;1197773.8
42.273.325/0001-98;2026-03-31;1;CRI/CRA;CRI_24D3314338 - CANAL CIA DE SEC;41811375000119;93;1;;;;993.482314;962226.79
42.273.325/0001-98;2026-03-31;1;CRI/CRA;CRI_22F1135958 - HABITASEC;9304427000158;3;1;;;;8200;2969170.42
42.273.325/0001-98;2026-03-31;1;CRI/CRA;CRI_25K2714334 - OPEASEC;4200649000107;458;1;;;;500;501748.42
42.273.325/0001-98;2026-03-31;1;CRI/CRA;CRI_24I2268708_DU - CANAL CIA DE SEC;41811375000119;115;1;;;;814;802459.15
42.273.325/0001-98;2026-03-31;1;CRI/CRA;CRI_21G0759091_DU2 - TRUE SEC;12130744000100;1;436;;;;1957344;2091207.18
42.273.325/0001-98;2026-03-31;1;CRI/CRA;CRI_24D3314338 - CANAL CIA DE SEC;41811375000119;93;1;;;;1000;968539.43
42.273.325/0001-98;2026-03-31;1;CRI/CRA;CRI_24D3314338 - CANAL CIA DE SEC;41811375000119;93;1;;;;1500;1452809.15
42.273.325/0001-98;2026-03-31;1;CRI/CRA;CRI_23L2517577 - CIA PROVINCIA DE SEC;4200649000107;41;1;;;;561;501993.65
42.273.325/0001-98;2026-03-31;1;FII;FII MANATI - MANA11;42888583000189;;;;;;297926;2755815.5
42.273.325/0001-98;2026-03-31;1;CRI/CRA;CRI_23L2517577 - CIA PROVINCIA DE SEC;4200649000107;41;1;;;;1758;1573092.4
42.273.325/0001-98;2026-03-31;1;CRI/CRA;CRI_21L0329279 - VERTCIASEC;25005683000109;60;2;;;;5000;2603167.57
42.273.325/0001-98;2026-03-31;1;CRI/CRA;CRI_24G1627395 - PLAYBANCO SEC;35975411000187;5;1;;;;519;526869.17
42.273.325/0001-98;2026-03-31;1;CRI/CRA;CRI_24B1573243 - VORTX DTVM;53192655000175;4;1;;;;2200;1631132.81
42.273.325/0001-98;2026-03-31;1;CRI/CRA;CRI_24A2579147 - VORTX DTVM;53192655000175;2;1;;;;3800;3455227.56
42.273.325/0001-98;2026-03-31;1;CRI/CRA;CRI_21F0950048 - FORTE SEC;12979898000170;1;575;;;;1320;1038129.17
42.273.325/0001-98;2026-03-31;1;FII;REC MASTER FUNDO DE CRI;58366499000135;;;;;;131072;1255528.85
42.273.325/0001-98;2026-03-31;1;FII;ZAVIT CREDITO IMOBILIARIO - FII;52101897000143;;;;;;150000;32853185
42.273.325/0001-98;2026-03-31;1;FII;FII RBRHGRAD - RBRR11;29467977000103;;;;;;9472;809666.56
42.273.325/0001-98;2026-03-31;1;FII;FII KINEA IP - KNIP11;24960430000113;;;;;;8903;815959.95
42.273.325/0001-98;2026-03-31;1;FII;FII VALREIII - VGIR11;29852732000191;;;;;;90058;881667.82
42.273.325/0001-98;2026-03-31;1;CRI/CRA;CRI_21F0950048 - FORTE SEC;12979898000170;1;575;;;;1597;1255979
42.273.325/0001-98;2026-03-31;1;CRI/CRA;CRI_23L2517577 - CIA PROVINCIA DE SEC;4200649000107;41;1;;;;690;617425.34
42.273.325/0001-98;2026-03-31;1;CRI/CRA;CRI_24F2009551 - HABITASEC;9304427000158;59;2;;;;3063;3074297.7
42.273.325/0001-98;2026-03-31;1;CRI/CRA;CRI_21L0329279 - VERTCIASEC;25005683000109;60;2;;;;2000;1041267.02
42.273.325/0001-98;2026-03-31;1;CRI/CRA;CRI_24D3314465 - CANAL CIA DE SEC;41811375000119;93;2;;;;1500;1452726.05
42.273.325/0001-98;2026-03-31;1;CRI/CRA;CRI_24D3314465 - CANAL CIA DE SEC;41811375000119;93;2;;;;1000;968484.03
42.273.325/0001-98;2026-03-31;1;CRI/CRA;CRI_24G1627395 - PLAYBANCO SEC;35975411000187;5;1;;;;350;355306.76
42.273.325/0001-98;2026-03-31;1;CRI/CRA;CRI_24D3314338 - CANAL CIA DE SEC;41811375000119;93;1;;;;2500;2421210.09
42.273.325/0001-98;2026-03-31;1;CRI/CRA;CRI_25H4845788 - KAHAKAI BEACH HOUSE SPE LTDA;47971660000183;93;1;;;;206;207571.26
42.273.325/0001-98;2026-03-31;1;CRI/CRA;CRI_21K0914380 - TRUE SEC;12130744000100;1;462;;;;1855;1673833.33
42.273.325/0001-98;2026-03-31;1;CRI/CRA;CRI_23J2272828 - TRUE SEC;12130744000100;244;1;;;;1500;1598830.51
42.273.325/0001-98;2026-03-31;1;CRI/CRA;CRI_24D3314338 - CANAL CIA DE SEC;41811375000119;93;1;;;;2500;2421348.58
42.273.325/0001-98;2026-03-31;1;CRI/CRA;CRI_24I2268708_DU - CANAL CIA DE SEC;41811375000119;115;1;;;;2084;2054453.17
42.273.325/0001-98;2026-03-31;1;CRI/CRA;CRI_24I2268708_DU - CANAL CIA DE SEC;41811375000119;115;1;;;;1619;1596045.91
42.273.325/0001-98;2026-03-31;1;CRI/CRA;CRI_23L2517577 - CIA PROVINCIA DE SEC;4200649000107;41;1;;;;620;554787.99
42.273.325/0001-98;2026-03-31;1;CRI/CRA;CRI_24F2007358 - HABITASEC;9304427000158;59;1;;;;7123;7107655.25
42.273.325/0001-98;2026-03-31;1;CRI/CRA;CRI_21H0176508 - VIRGOSEC;8769451000108;4;325;;;;3274;133873
42.273.325/0001-98;2026-03-31;1;CRI/CRA;CRI_23B1690001 - VIRGOSEC;8769451000108;75;1;;;;8000;1529197.35
42.273.325/0001-98;2026-03-31;1;CRI/CRA;CRI_23L2517577 - CIA PROVINCIA DE SEC;4200649000107;41;1;;;;687;614740.89
42.273.325/0001-98;2026-03-31;1;CRI/CRA;CRI_21G0511750 - FORTE SEC;12979898000170;1;586;;;;2887;2534670.77
42.273.325/0001-98;2026-03-31;1;CRI/CRA;CRI_23L2517577 - CIA PROVINCIA DE SEC;4200649000107;41;1;;;;178;159277.84
42.273.325/0001-98;2026-03-31;1;CRI/CRA;CRI_24D3314338 - CANAL CIA DE SEC;41811375000119;93;1;;;;251;243103.39
42.273.325/0001-98;2026-03-31;1;CRI/CRA;CRI_24F2010431 - HABITASEC;9304427000158;59;3;;;;1996;1992312.18
42.273.325/0001-98;2026-03-31;1;CRI/CRA;CRI_24G1627395 - PLAYBANCO SEC;35975411000187;5;1;;;;585;593869.88
42.273.325/0001-98;2026-03-31;1;CRI/CRA;CRI_24G1627395 - PLAYBANCO SEC;35975411000187;5;1;;;;1595;1619183.69
42.273.325/0001-98;2026-03-31;1;CRI/CRA;CRI_22B0555782_DU2 - OURINVESTSEC;12320349000190;1;47;;;;1500;1440003.73
42.273.325/0001-98;2026-03-31;1;CRI/CRA;CRI_21L0329279 - VERTCIASEC;25005683000109;60;2;;;;3000;1561900.54
42.273.325/0001-98;2026-03-31;1;CRI/CRA;CRI_22B0555800_DU2 - OURINVESTSEC;12320349000190;1;48;;;;1500;1570764.31
42.273.325/0001-98;2026-03-31;1;CRI/CRA;CRI_22C1024589_DU2 - CANAL CIA DE SEC;41811375000119;1;1;;;;3000;767989.4
42.273.325/0001-98;2026-03-31;1;CRI/CRA;CRI_25K2729143 - OPEASEC;4200649000107;549;1;;;;500;501748.42
42.273.325/0001-98;2026-03-31;1;CRI/CRA;CRI_23D1333883 - VIRGOSEC;8769451000108;101;1;;;;10500;7588599.95
42.273.325/0001-98;2026-03-31;1;CRI/CRA;CRI_24F1278543 - VIRGOSEC;8769451000108;96;1;;;;7852;5495057.34
42.273.325/0001-98;2026-03-31;1;CRI/CRA;CRI_23L2517577 - CIA PROVINCIA DE SEC;4200649000107;41;1;;;;454;406247.98
42.273.325/0001-98;2026-03-31;1;CRI/CRA;CRI_23L2517577 - CIA PROVINCIA DE SEC;4200649000107;41;1;;;;600;536891.6
42.273.325/0001-98;2026-03-31;1;CRI/CRA;CRI_23J2272828 - TRUE SEC;12130744000100;244;1;;;;2000;2131774.02
42.273.325/0001-98;2026-03-31;1;CRI/CRA;CRI_24G1627395 - PLAYBANCO SEC;35975411000187;5;1;;;;443;449716.85
42.273.325/0001-98;2026-03-31;1;CRI/CRA;CRI_24D3314465 - CANAL CIA DE SEC;41811375000119;93;2;;;;385;372866.35
42.273.325/0001-98;2026-03-31;1;CRI/CRA;CRI_24D3314465 - CANAL CIA DE SEC;41811375000119;93;2;;;;251;243089.49
42.273.325/0001-98;2026-03-31;1;CRI/CRA;CRI_23L2517577 - CIA PROVINCIA DE SEC;4200649000107;41;1;;;;590;527943.41
42.273.325/0001-98;2026-03-31;1;CRI/CRA;CRI_24H2277797 - OPEASEC;4200649000107;276;1;;;;8000;8578293.91
43.619.174/0001-40;2026-03-31;1;Outras Cotas de FI;FIF LASER SOBERANO REF DI LP - CLASSE;58564663000119;;;;;;30.51;35344.8
43.619.174/0001-40;2026-03-31;1;Ações de Sociedades;INCORPORADORA PRAIA BRAVA SPE AS;43004895000145;;;;;;18000000;11956196.52
43.740.825/0001-55;2026-03-31;1;Outras Cotas de FI;SAN RF REF DI TITULOS PUB PREMIUM FC FI;9577447000100;;;;;;20746.70075646;1021280.13
43.740.825/0001-55;2026-03-31;1;Outras Cotas de FI;ID RF LP FIC FI;50269714000178;;;;;;40.65744441;56572.34
43.740.825/0001-55;2026-03-31;1;FIP;KOMBI AZUL FIP;44465737000155;;;;;;713.24065176;1023028.43
43.740.825/0001-55;2026-03-31;1;FIP;KOMBI AZUL II FIP;41801466000173;;;;;;15372.82171056;19985.37
44.585.121/0001-18;2026-03-31;1;Outras Cotas de FI;FIC FIRF DIAMANTE;44638439000110;;;;;;1.05;1.38
44.680.435/0001-08;2026-03-31;1;CRI/CRA;VIRGO SECURITIZADORA;8769451000108;4;277;;;;629;506823.38
44.680.435/0001-08;2026-03-31;1;CRI/CRA;HABITASEC Securitizadora S.A;12130744000100;29;1;;;;5391;5302854.51
44.680.435/0001-08;2026-03-31;1;Ações de Sociedades;BAIRRO DAS INDÚSTRIAS SPE LTDA.;62320061000193;;;;;;1;2736602.51
44.680.435/0001-08;2026-03-31;1;CRI/CRA;HABITASEC Securitizadora S.A;12130744000100;29;1;;;;6297;6624731.92
44.680.435/0001-08;2026-03-31;1;CRI/CRA;TRUE Securitizadora S.A;12130744000100;1;329;;;;2;2003.86
44.680.435/0001-08;2026-03-31;1;Ações;FII RECM;56430935000162;;;RECM11;;;1624627;13062004.14
44.680.435/0001-08;2026-03-31;1;CRI/CRA;VIRGO SECURITIZADORA;8769451000108;4;277;;;;38;32797.92
44.680.435/0001-08;2026-03-31;1;Outros Ativos Financeiros;ID RF LP FIC FI;50269714000178;;;;;;4997.85738382;6954212.27
44.680.435/0001-08;2026-03-31;1;FII;FII DCT - CLASSE C;56414379000130;;;;;;9000;32116508.2
44.680.435/0001-08;2026-03-31;1;CRI/CRA;TRUE Securitizadora S.A;12130744000100;1;329;;;;383;394150.29
44.680.449/0001-13;2026-03-31;1;CRI/CRA;OPEA SECURITIZADORA S/A;2773542000122;1;374;;;;100;130881.36
44.680.449/0001-13;2026-03-31;1;Outras Cotas de FI;ID RF LP FIC FI;50269174000178;;;;;;84.20740015;117169.43
44.680.449/0001-13;2026-03-31;1;CRI/CRA;FORTESEC SECURITIZADORA S.A.;2773542000122;1;638;;;;350;122063.66
44.680.449/0001-13;2026-03-31;1;CRI/CRA;OPEA SECURITIZADORA S/A;2773542000122;1;374;;;;39;51043.73
44.680.449/0001-13;2026-03-31;1;CRI/CRA;FORTESEC SECURITIZADORA S.A.;2773542000122;1;579;;;;469;553954.31
44.680.449/0001-13;2026-03-31;1;CRI/CRA;FORTESEC SECURITIZADORA S.A.;2773542000122;1;699;;;;644;762466.42
45.254.732/0001-46;2026-03-31;1;Outras Cotas de FI;SANTANDER TÍT. PÚBL. PREMIUM RF REF DI FIF RL;9577447000100;;;;;;310919.49144835;15305368.37
46.157.348/0001-98;2026-03-31;1;FII;FII KINEA HY - KNHY11;30130708000128;;;;;;4335;431419.2
46.157.348/0001-98;2026-03-31;1;Outras Cotas de FI;FICFI ITAU SOBERANO RENDA FIXA SIMPLES LP;6175696000173;;;;;;911.252;76990.55
48.373.428/0001-06;2026-03-31;1;Ações de Sociedades;PONTA NEGRA I EMPREENDIMENTO S I. LTDA;;;;;;;5650000;5650000
48.373.428/0001-06;2026-03-31;1;Outras Cotas de FI;SAN RF REF DI TITULOS PUB PREMIUM FC FI;9577447000100;;;;;;2649.02615406;130401.35
48.373.428/0001-06;2026-03-31;1;FII;FII CIX ITAPURANGA;48373413000148;;;;;;134434;49852667.74
48.964.604/0001-84;2026-03-31;1;Outros Ativos Financeiros;ID RF LP FIC FI;50269714000178;;;;RF;;7.03494261;9788.69
48.964.604/0001-84;2026-03-31;1;Outros Ativos Financeiros;FIRF ID SOBERANO;50191107000132;;;;RF;;2E-08;0
48.964.604/0001-84;2026-03-31;1;Cotas de Sociedades;GRIFFIN LTDA;;;;;;;1;10000
48.964.604/0001-84;2026-03-31;1;LCI/LCA;ITAU UNIBANCO;;;;;;2026-05-10;1250;1402401.54
50.399.189/0001-05;2026-03-31;1;Outros Ativos Financeiros;HESA 183 - INVESTIMENTOS IMOBILIÁRIOS LTDA;30.197.797/0001-20;;;;Imóveis - Direito de Recebíveis Imobiliarios;;61;11189990.46
50.399.189/0001-05;2026-03-31;1;Outras Cotas de FI;ID RF LP FIC FI;50269174000178;;;;;;74.33;103189.76
50.399.189/0001-05;2026-03-31;1;Outros Ativos Financeiros;HESA 177 - INVESTIMENTOS IMOBILIÁRIOS LTDA;28.140.348/0001-01;;;;Imóveis - Direito de Recebíveis Imobiliarios;;48;7403667.37
50.399.189/0001-05;2026-03-31;1;Outros Ativos Financeiros;HESA 135 - INVESTIMENTOS IMOBILIÁRIOS LTDA.;15.564.234/0001-39;;;;Imóveis - Direito de Recebíveis Imobiliarios;;36;807545
50.399.189/0001-05;2026-03-31;1;Outras Cotas de FI;SAN RF REF DI TITULOS PUB;;;;;;;49.22;5376748.37
51.476.870/0001-72;2026-03-31;1;Outros Ativos Financeiros;ID RF LP FIC FI;50.269.714/0001-78;;;;RF;;36.40871702;50660.5
51.476.870/0001-72;2026-03-31;1;Cotas de Sociedades;ARTICON TECERA SPE;51638802000162;;;;;;30684233.9189476;59700000.04
51.476.870/0001-72;2026-03-31;1;Cotas de Sociedades;ARTICON PACAEMBU S.A;61.787.373/0001-49;;;;;;30501676.87;30501676.87
51.476.870/0001-72;2026-03-31;1;Cotas de Sociedades;ARTICON TRIA;54.324.547/0001-71;;;;;;30734228.8506214;36027499.95
51.476.870/0001-72;2026-03-31;1;Cotas de Sociedades;ARTICON VOLUNTARIOS;01.459.637/0001-03;;;;;;11373678;31099999.96
51.753.261/0001-13;2026-03-31;1;Outras Cotas de FI;FICFI ITAU SOBERANO RF SIMP LP;6175696000173;;;;;;76.6265;6411.27
51.753.261/0001-13;2026-03-31;1;Ações de Sociedades;ITAMAMBUCA PARTICIPAÇÕES LTDA - A;51924168000124;;;;;;7711000;294112.81
51.753.261/0001-13;2026-03-31;1;Ações de Sociedades;ITAMAMBUCA PARTICIPAÇÕES LTDA - B;51924168000124;;;;;;360000210;13731121.18
52.324.762/0001-47;2026-03-31;1;Outras Cotas de FI;SAN RF REF DI TITULOS PUB PREMIUM FC FI;9577447000100;;;;;;47116.83;2273426.38
52.324.762/0001-47;2026-03-31;1;Outras Cotas de FI;ID RF LP FIC FI;45019184000170;;;;;;43.24;60151.59
52.324.762/0001-47;2026-03-31;1;Outros Ativos Financeiros;HESA 183 - INVESTIMENTOS IMOBILIÁRIOS LTDA;30.197.797/0001-20;;;;Imóveis - Direito de Recebíveis Imobiliarios;;24;3153775.55
52.324.762/0001-47;2026-03-31;1;Outros Ativos Financeiros;HESA 177 - INVESTIMENTOS IMOBILIÁRIOS LTDA;28.140.348/0001-01;;;;Imóveis - Direito de Recebíveis Imobiliarios;;4;526884.28
52.356.865/0001-99;2026-03-31;1;FII;FII ALFA REAL ESTATE RL;64156203000154;;;;;;1273.04721089;1648924.88
52.356.865/0001-99;2026-03-31;1;Outros Ativos Financeiros;ID RF LP FIC FI;50.269.714/0001-78;;;;RF;;180.90794433;251722.32
52.356.865/0001-99;2026-03-31;1;FII;FII COTA REAL 7 - SR;58019792000126;;;;;;13283.63892701;16520539.46
52.356.865/0001-99;2026-03-31;1;FII;FII COTA REAL 77 RL - SR;62296221000106;;;;;;251.11298424;2692030.64
52.366.833/0001-74;2026-03-31;1;Outros Ativos Financeiros;TESOURO NACIONAL;394460040950;;;;LFT COMPROMISSADA;;782;14607038.48
53.322.282/0001-00;2026-03-31;1;FII;JAFFA FUNDO DE INVESTIMENTO IMOBILIÁRIO;40067483000166;;;;;;55624.05568824;141522317.56
53.322.347/0001-17;2026-03-31;1;FII;KOMBI AZUL FUNDO DE INVESTIMENTO IMOBILIÁRIO;43740825000155;;;;;;42318.89734416;125259274.66
53.322.347/0001-17;2026-03-31;1;Outras Cotas de FI;ID RF LP FIC FI;50269714000178;;;;;;0.78168955;1087.67
53.322.347/0001-17;2026-03-31;1;Outras Cotas de FI;SAN RF REF DI TITULOS PUB PREMIUM FC FI;9577447000100;;;;;;15.2374646;750.08
53.645.729/0001-81;2026-03-31;1;Outras Cotas de FI;ID RF LP FIC FI;50269174000178;;;;;;65.08;90258.42
53.645.729/0001-81;2026-03-31;1;Outros Ativos Financeiros;HESA 183 - INVESTIMENTOS IMOBILIÁRIOS LTDA;30.197.797/0001-20;;;;Imóveis - Direito de Recebíveis Imobiliarios;;41;7820044.91
54.010.546/0001-52;2026-03-31;1;Outras Cotas de FI;FIRF ID SOBERANO;50191107000132;;;;;;1486.18459195;2115734.09
54.010.546/0001-52;2026-03-31;1;Outros Ativos Financeiros;REGENTE II INCORPORAÇÕES SPE LTDA;20189644000187;;;;Imóveis - Direito de Recebíveis Imobiliarios;;55;17752897.42
54.010.546/0001-52;2026-03-31;1;Outros Ativos Financeiros;DELFIM MOREIRA;36703145000104;;;;Imóveis - Direito de Recebíveis Imobiliarios;;1;23534764.37
54.010.546/0001-52;2026-03-31;1;Outros Ativos Financeiros;AFONSO DE FREITAS SPE - UPSIDE PARAISO;1545826000107;;;;Imóveis - Direito de Recebíveis Imobiliarios;;16;3437094.04
54.010.546/0001-52;2026-03-31;1;Outros Ativos Financeiros;Wert Design Taquaral;44.005.806/0001-48;;;;Imóveis - Direito de Recebíveis Imobiliarios;;15;5250000
54.010.546/0001-52;2026-03-31;1;Outros Ativos Financeiros;WM OFFICE GUANABARA;95278800844;;;;Imóveis - Direito de Recebíveis Imobiliarios;;4;1500000
54.010.546/0001-52;2026-03-31;1;Outros Ativos Financeiros;ROVIC 63 EMPREENDIMENTO IMOBILIÁRIO SPE LTDA;38614360000156;;;;Imóveis - Direito de Recebíveis Imobiliarios;;17;11104166.7
54.010.546/0001-52;2026-03-31;1;Outras Cotas de FI;ID RF LP FIC FI;50269174000178;;;;;;632.63802336;878527.3
54.010.546/0001-52;2026-03-31;1;Outros Ativos Financeiros;ROVIC 62 EMPREENDIMENTO IMOBILIÁRIO SPE LTDA;33475766000181;;;;Imóveis - Direito de Recebíveis Imobiliarios;;5;1286701.77
54.010.546/0001-52;2026-03-31;1;Outros Ativos Financeiros;UPCON 36;34.637.620/0001-58;;;;Imóveis - Direito de Recebíveis Imobiliarios;;21;3202282.81
54.010.546/0001-52;2026-03-31;1;Outros Ativos Financeiros;ROBERTO VISNEVSKI INCORPORAÇÃO E CONSTRUÇÕES LTD;14549737000172;;;;Imóveis - Direito de Recebíveis Imobiliarios;;5;3465000
54.010.546/0001-52;2026-03-31;1;Outros Ativos Financeiros;HELBOR EMPREENDIMENTOS S.A;49263189000102;;;;Imóveis - Direito de Recebíveis Imobiliarios;;110;42709187.87
54.010.546/0001-52;2026-03-31;1;Outros Ativos Financeiros;MOEMA SIGNATURE BY YOU, INC;11284204000118;;;;Imóveis - Direito de Recebíveis Imobiliarios;;3;6153875
54.417.489/0001-20;2026-03-31;1;Outras Cotas de FI;ID RF LP FIC FI;50269714000178;;;;;;21.6845893;30172.78
54.419.040/0001-00;2026-03-31;1;Outras Cotas de FI;DIAMANTE FIC FIRF;44638439000110;;;;;;32206.81421026;41811.09
55.435.378/0001-00;2026-03-31;1;Outras Cotas de FI;FIF LASER SOBERANO REF DI LP - CLASSE;58564663000119;;;;;;1485.18015519;1730291.2
57.136.514/0001-96;2026-03-31;1;CRI/CRA;Leverage Companhia Securitizadora;48415978000140;15;1;;;;3000;3589177.92
57.136.514/0001-96;2026-03-31;1;CRI/CRA;GCB SECURITIZADORA;;15;1;;;;1625;1772011.38
57.136.514/0001-96;2026-03-31;1;Outras Cotas de FI;FIF LASER SOBERANO REF DI LP - CLASSE;18856011000133;;;;;;2623.94;3045477.09
58.268.583/0001-16;2026-03-31;1;Ações de Sociedades;SOU + VITAL;;;;;;;11790000;60785999.99
58.268.583/0001-16;2026-03-31;1;Outros Ativos Financeiros;HABITARE EMP;37241027000186;;;;NOTA COMERCIAL;;1;5148788.91
58.268.583/0001-16;2026-03-31;1;Ações de Sociedades;SOU + NITERÓI;;;;;;;18540000;24092999.94
58.268.583/0001-16;2026-03-31;1;Cotas de Sociedades;GVT 04;48921821000197;;;;;;60071;44524680
58.268.583/0001-16;2026-03-31;1;Cotas de Sociedades;SCA 02;57418299000116;;;;;;1500000;25188119
58.268.583/0001-16;2026-03-31;1;Outros Ativos Financeiros;AGVT PARTICIP;54433509000157;;;;DEBENTURE;;48320;157928024.51
58.268.583/0001-16;2026-03-31;1;Outros Ativos Financeiros;HABITARE EMP;37241027000186;;;;DEBENTURE;;183;11581987.63
59.030.677/0001-15;2026-03-31;1;Outros Ativos Financeiros;ID RF LP FIC FI;50.269.714/0001-78;;;;RF;;4508.25534949;6272961.03
59.030.677/0001-15;2026-03-31;1;Outros Ativos Financeiros;FIRF ID SOBERANO;50191107000132;;;;RF;;3.48804955;4999.38
59.030.677/0001-15;2026-03-31;1;Ações;FII GGRCOVEP;26.614.291/0001-00 ;;;GGRC11;;;928009;9558492.7
59.030.677/0001-15;2026-03-31;1;Ações;FII CEF CORP;38.658.984/0001-75;;;CXCO11;;;2542;185057.6
59.030.677/0001-15;2026-03-31;1;Ações;FII ATHENA I;30.567.216/0001-02;;;FATN11;;;65179;5665358.68
59.030.677/0001-15;2026-03-31;1;Ações;RMBS - REC MASTER;58.366.499/0001-35 ;;;RMBS11;;;20;178
59.030.677/0001-15;2026-03-31;1;Ações;BTG PACTUAL REAL ESTATE HEDGE FUND FII;45.188.176/0001-57;;;BTHF11;;;284091;2627841.75
59.030.677/0001-15;2026-03-31;1;Ações;ITAÚ TOTAL RETURN FUNDO DE INVESTIMENTO IMOBILIÁRIO;52.270.671/0001-76;;;ITRI11;;;29600;2605688
59.030.677/0001-15;2026-03-31;1;Ações;FII REC LOG;37.112.770/0001-36;;;RELG11;;;87585;5504717.25
59.030.677/0001-15;2026-03-31;1;Ações;EMET11;53.523.736/0001-00;;;EMET11;;;299485;3042767.6
59.030.677/0001-15;2026-03-31;1;Ações;TRX Hedge Fundo de Investimento Imobiliario;43.985.938/0001-10;;;TRXY11;;;505838;4603125.8
59.139.645/0001-52;2026-03-31;1;Outros Ativos Financeiros;ID RF LP FIC FI;502697140001778;;;;RF;;5.21368359;7216.85
59.269.477/0001-10;2026-03-31;1;Outros Ativos Financeiros;ID RF LP FIC FI;50269174000178;;;;RF;;4.06221866;5652.33
60.373.688/0001-87;2026-03-31;1;Outras Cotas de FI;ID RF LP FIC FI;50269714000178;;;;;;7.00640731;9748.97
60.373.688/0001-87;2026-03-31;1;FII;FII PERMUTA LOTE 5 CAMPINAS - SR;60750887000167;;;;;;1351358.1331;151165935.22
60.480.984/0001-87;2026-03-31;1;Outros Ativos Financeiros;ID RF LP FIC FI;50269714000178;;;;RF;;8.3530028;11622.69
60.480.984/0001-87;2026-03-31;1;FII;FII PERMUTA LOTE 5 CAMPINAS - MEZ;60.750.887/0001-67;;;;;;283000;32130987.4
60.522.814/0001-18;2026-03-31;1;Outras Cotas de FI;FIRF ID SOBERANO;20191107000132;;;;;;2.19016681;3139.14
60.522.814/0001-18;2026-03-31;1;Outras Cotas de FI;ID RF LP FIC FI;50269714000178;;;;;;166.12944482;231158.94
61.530.579/0001-99;2026-03-31;1;Ações de Sociedades;Applausi Empreendimento Imobiliário 8 SPE Ltda;61286236000120;;;;;;1;12950000
61.530.579/0001-99;2026-03-31;1;Outras Cotas de FI;ID RF LP FIC FI;50269174000178;;;;;;5.63838455;7845.47
61.839.325/0001-57;2026-03-31;1;Outros Ativos Financeiros;Angra Partners;;;;;NOTA COMERCIAL;;0.99;763060.3
61.839.325/0001-57;2026-03-31;1;Outras Cotas de FI;ID RF LP FIC FI;50269174000178;;;;;;60.98521898;84857.19
61.839.325/0001-57;2026-03-31;1;Cotas de Sociedades;ANGRA PARTNERS DESENVOLVIMENTO IMOBILIÁRIO SPE;61839325000157;;;;;;100000;3183614.97
62.364.712/0001-47;2026-03-31;1;Ações;FII Guardian Real Estate;;;;GARE15;;;3704803;31639017.62
62.364.712/0001-47;2026-03-31;1;FII;FII BRL VI;26545627000111;;;;;;751.3715087;148079369.69
62.364.712/0001-47;2026-03-31;1;Outras Cotas de FI;ID RF LP FIC FI;50269174000178;;;;;;160462.01238923;223273057.07
62.364.712/0001-47;2026-03-31;1;FII;FII SÃO BENEDITO;57640413000158;;;;;;91825;3201654.16
62.385.601/0001-17;2026-03-31;1;Outras Cotas de FI;FIF LASER SOBERANO REF DI LP - CLASSE;58564663000119;;;;;;3371.90025195;3955396.64
62.429.810/0001-15;2026-03-31;1;Outras Cotas de FI;ID RF LP FIC FI;50269174000178;;;;;;431.3341124;600174.99
62.429.810/0001-15;2026-03-31;1;FII;FII XP HABITA;62017234000107;;;;;;937500;83901764.74
62.959.750/0001-42;2026-03-31;1;Cotas de Sociedades;SPE AURORA 965;42534385000117;;;;;;51386194;55010265.35
62.959.750/0001-42;2026-03-31;1;Outras Cotas de FI;FIF LASER SOBERANO REF DI LP - CLASSE;58564663000119;;;;;;2025.23069498;2351867.93
62.959.750/0001-42;2026-03-31;1;Cotas de Sociedades;SPE SAMPA;36033027000128;;;;;;49198255;56808758.08
63.134.454/0001-75;2026-03-31;1;Outras Cotas de FI;ID RF LP FIC FI;50.269.714/0001-78;;;;;;2892.42078952;4024626.28
63.134.454/0001-75;2026-03-31;1;Ações;FII TRX REAL;28548288000152;;;TRXF11;;;1138171;104518285.17
63.134.454/0001-75;2026-03-31;1;CRI/CRA;RIZA SECURITIZADORA S.A.;8769451000108;51;1;;;;3600;3674417.96
63.134.454/0001-75;2026-03-31;1;CRI/CRA;RIZA SECURITIZADORA S.A;8769451000108;51;2;;;;2400;3000408.59
63.134.454/0001-75;2026-03-31;1;CRI/CRA;TRUE SECURITIZADORA S.A.;12130744000100;173;1;;;;11224;16384733.28
63.134.454/0001-75;2026-03-31;1;Ações;FII GGRCOVEP;26614291000100;;;GGRC11;;;7937000;81751100
63.249.022/0001-00;2026-03-31;1;Outras Cotas de FI;ID RF LP FIC FI;50269714000178;;;;;;7209.88115223;10032107.8
63.320.393/0001-30;2026-03-31;1;Ações de Sociedades;SPE 30 - Bem Viver Mediterrâneo Empreendimentos Imobiliarios;35676189000111;;;;;;13252636;30262279.01
63.320.393/0001-30;2026-03-31;1;Ações de Sociedades;SPE 51 - Pafil Novos Negócios Imobiliários Ltda;49.944.792/0001-41;;;;;;3448905;9999999.99
63.320.393/0001-30;2026-03-31;1;Ações de Sociedades;SPE 27 - Bem Viver Casas Bebedouro Empreendimentos Ltda.;33808263000180;;;;;;4872474;2740908.56
63.320.393/0001-30;2026-03-31;1;Ações de Sociedades;SPE 39 - Bem Viver Bady Bassit Empreendimentos Imobiliarios;42224529000139;;;;;;10122040;11688134.78
63.320.393/0001-30;2026-03-31;1;Ações de Sociedades;SPE 26 - Bem Viver Parque dos Lagos Empreendimentos Ltda.;33795896000100;;;;;;1376758;3065603.43
63.320.393/0001-30;2026-03-31;1;Ações de Sociedades;SPE 48 - Pafil Novos Negócios Imobiliarios SPE Ltda.;45879010000187;;;;;;6011777;5090258.76
63.320.393/0001-30;2026-03-31;1;Outras Cotas de FI;ID RF LP FIC FI;50.269.714/0001-78;;;;;;493.7137486;686972.43
63.574.240/0001-10;2026-03-31;1;Outras Cotas de FI;ID RF LP FIC FI;50.269.714/0001-78;;;;;;7643.81163929;10635895.48
64.089.566/0001-14;2026-03-31;1;Cotas de Sociedades;127 - BRASIL INCORPORAÇÃO SPE LTDA;20907165000159;;;;;;12366393.57;12366393.57
64.089.566/0001-14;2026-03-31;1;Cotas de Sociedades;154 - BRASIL INCORPORAÇÃO SPE LTDA;40705702000195;;;;;;7432401;7432401
64.089.566/0001-14;2026-03-31;1;Cotas de Sociedades;164 - BRASIL INCORPORAÇÃO SPE LTDA;38058981000109;;;;;;5274475.41;5274475.41
64.089.566/0001-14;2026-03-31;1;Outras Cotas de FI;ID RF LP FIC FI;50.269.714/0001-78;;;;;;796.57473618;1108384.93
64.156.203/0001-54;2026-03-31;1;Outras Cotas de FI;ID RF LP FIC FI;50.269.714/0001-78;;;;;;72.52572259;100915.1
64.280.202/0001-17;2026-03-31;1;Outras Cotas de FI;FIF LASER SOBERANO REF DI LP - CLASSE;58564663000119;;;;;;754.08;881020.16
64.987.074/0001-46;2026-03-31;1;Ações;FUNDO DE INVEST IMOBILIARIO SUNO ENERGIAS LIMPAS;43741171000184;;;SNEL11;;;9763583;83478634.65
64.987.074/0001-46;2026-03-31;1;Outras Cotas de FI;ID RF LP FIC FI;50269714000178;;;;;;32.14640807;44729.76
64.987.074/0001-46;2026-03-31;1;Ações;FII REC LOG;37112770000136;;;RELG11;;;250000;15712500
65.275.189/0001-70;2026-03-31;1;Ações;FII KILIMA;36669660000107;;;KISU11;;;5827117;41255988.36
65.275.189/0001-70;2026-03-31;1;Outras Cotas de FI;ID RF LP FIC FI;50269714000178;;;;;;689.93336644;960000
