CNPJ_Fundo_Classe;Data_Referencia;Versao;Nome_Imovel;Setor_Atuacao;Percentual_Receita_Imovel;Percentual_Receitas_FII
00.868.235/0001-08;2026-03-31;1;Hotel;Serviço;1;0
00.868.235/0001-08;2026-03-31;1;Medcenter;Serviço;0.897705;0.884577
00.868.235/0001-08;2026-03-31;1;Medcenter;Comércio;0.102295;0.100799
01.201.140/0001-90;2026-03-31;1;Grand Plaza Shopping;Comércio;0.691915;0.677664
01.201.140/0001-90;2026-03-31;1;Grand Plaza Shopping;Serviço;0.308085;0.30174
01.497.954/0001-14;2026-03-31;1;Centro Comercial e Empresarial Mostardeiro;Serviços;0;0
01.497.954/0001-14;2026-03-31;1;Centro Empresarial Presidente Kennedy;Serviços;0;0
01.497.954/0001-14;2026-03-31;1;Edifício Maipú;Serviços;0;0
01.497.954/0001-14;2026-03-31;1;EdifícioMartim Fierro;Serviços;0;0
01.497.954/0001-14;2026-03-31;1;Edifício Piratini;Serviços;0;0
01.497.954/0001-14;2026-03-31;1;Centro Empresarial Rio Guahyba;Serviços;0;0
01.497.954/0001-14;2026-03-31;1;Prédio Comercial;Serviços;0;0
04.644.612/0001-78;2026-03-31;1;IMOVEL CESTO;Setor1;0;0
04.644.612/0001-78;2026-03-31;1;IMOVEL CESTO;Setor2;0;0
04.644.612/0001-78;2026-03-31;1;IMOVEL CESTO;Setor3;0;0
04.644.612/0001-78;2026-03-31;1;IMOVEL CESTO;SetorN;0;0
04.644.612/0001-78;2026-03-31;1;IMOVEL CESTO_;Setor1;0;0
04.644.612/0001-78;2026-03-31;1;IMOVEL CESTO_;Setor2;0;0
04.644.612/0001-78;2026-03-31;1;IMOVEL CESTO_;Setor3;0;0
04.644.612/0001-78;2026-03-31;1;IMOVEL CESTO_;SetorN;0;0
05.562.312/0001-02;2026-03-31;1;Ed Almirante Barroso;SetorN;0;0
05.562.312/0001-02;2026-03-31;1;Ed Almirante Barroso;Setor3;0;0
05.562.312/0001-02;2026-03-31;1;Ed Almirante Barroso;Setor1;0;0
05.562.312/0001-02;2026-03-31;1;Ed Almirante Barroso;Setor2;0;0
08.417.532/0001-30;2026-03-31;1;Posto de Combustível;Petroquímica;1;0.032436
08.417.532/0001-30;2026-03-31;1;Base de distribuição;Petroquímica;1;0.36648
08.417.532/0001-30;2026-03-31;1;Base de distribuição;Petroquímica;1;0.073823
08.417.532/0001-30;2026-03-31;1;Base de distribuição;Petroquímica;1;0.233663
08.417.532/0001-30;2026-03-31;1;Posto de Combustível;Petroquímica;1;0.03664
08.417.532/0001-30;2026-03-31;1;Posto de Combustível;Petroquímica;1;0.009296
08.417.532/0001-30;2026-03-31;1;Posto de Combustível;Petroquímica;1;0.007746
08.417.532/0001-30;2026-03-31;1;Posto de Combustível;Petroquímica;1;0.003176
08.417.532/0001-30;2026-03-31;1;Posto de Combustível;Petroquímica;1;0.032302
09.276.964/0001-31;2026-03-31;1;Edifício Brascan Century Corporate;Setor1;0;0
09.276.964/0001-31;2026-03-31;1;Edifício Brascan Century Corporate;Setor2;0;0
09.276.964/0001-31;2026-03-31;1;Edifício Brascan Century Corporate;Setor3;0;0
09.276.964/0001-31;2026-03-31;1;Edifício Brascan Century Corporate;SetorN;0;0
10.456.799/0001-89;2026-03-31;1;Condomínio Residencial Xico Stockinger;Serviços;0;0
10.456.799/0001-89;2026-03-31;1;Condomínio Residencial Vila Gardena;Serviços;0;0
10.456.799/0001-89;2026-03-31;1;Condomínio FK Convenience Offices;Serviços;0;0
10.456.799/0001-89;2026-03-31;1;Trend Nova Carlos Gomes - Torre Corporate;Serviços;0;0
10.456.799/0001-89;2026-03-31;1;Nilo Home Square;Serviços;0;0
10.456.799/0001-89;2026-03-31;1;Trend Nova Carlos Gomes;Serviços;0;0
10.456.799/0001-89;2026-03-31;1;Trend Nova Carlos Gomes - Safe Park;Serviços;0;0
10.456.799/0001-89;2026-03-31;1;Shopping Viva;Serviços;0;0
10.456.799/0001-89;2026-03-31;1;Av. Severo Dullius, 1995;Serviços;0;0
10.456.799/0001-89;2026-03-31;1;Shopping Pelotas;Serviços;0;0
10.456.799/0001-89;2026-03-31;1;Imóvel;Serviços;0;0
10.456.799/0001-89;2026-03-31;1;Imóvel;Serviços;0;0
10.456.799/0001-89;2026-03-31;1;Imóvel;Serviços;0;0
10.456.799/0001-89;2026-03-31;1;Imóvel;Serviços;0;0
10.456.799/0001-89;2026-03-31;1;Imóvel;Serviços;0;0
10.456.799/0001-89;2026-03-31;1;Imóvel;Serviços;0;0
10.456.799/0001-89;2026-03-31;1;Imóvel;Serviços;0;0
10.456.799/0001-89;2026-03-31;1;Imóvel;Serviços;0;0
10.456.799/0001-89;2026-03-31;1;Imóvel;Serviços;0;0
10.456.799/0001-89;2026-03-31;1;Imóvel;Serviços;0;0
10.991.914/0001-15;2026-03-31;1;Edifício Nova CEDAE;Água e saneamento;1;0.9264
11.827.568/0001-05;2026-03-31;1;Condomínio Residencial Euroville;SetorN;0;0
11.827.568/0001-05;2026-03-31;1;Condomínio Residencial Euroville;Setor3;0;0
11.827.568/0001-05;2026-03-31;1;Condomínio Residencial Euroville;Setor2;0;0
11.827.568/0001-05;2026-03-31;1;Condomínio Residencial Euroville;Setor1;0;0
11.827.568/0001-05;2026-03-31;1;Paysage Weekend CondomínioResort;SetorN;0;0
11.827.568/0001-05;2026-03-31;1;Paysage Weekend CondomínioResort;Setor3;0;0
11.827.568/0001-05;2026-03-31;1;Paysage Weekend CondomínioResort;Setor2;0;0
11.827.568/0001-05;2026-03-31;1;Paysage Weekend CondomínioResort;Setor1;0;0
11.827.568/0001-05;2026-03-31;1;LOTE N°01 / QUADRA 28;SetorN;0;0
11.827.568/0001-05;2026-03-31;1;LOTE N°01 / QUADRA 28;Setor3;0;0
11.827.568/0001-05;2026-03-31;1;LOTE N°01 / QUADRA 28;Setor2;0;0
11.827.568/0001-05;2026-03-31;1;LOTE N°01 / QUADRA 28;Setor1;0;0
11.827.568/0001-05;2026-03-31;1;LOTE N°02 / DA QUADRA 29;SetorN;0;0
11.827.568/0001-05;2026-03-31;1;LOTE N°02 / DA QUADRA 29;Setor3;0;0
11.827.568/0001-05;2026-03-31;1;LOTE N°02 / DA QUADRA 29;Setor2;0;0
11.827.568/0001-05;2026-03-31;1;LOTE N°02 / DA QUADRA 29;Setor1;0;0
11.827.568/0001-05;2026-03-31;1;Rua barra Bonita;SetorN;0;0
11.827.568/0001-05;2026-03-31;1;Rua barra Bonita;Setor3;0;0
11.827.568/0001-05;2026-03-31;1;Rua barra Bonita;Setor2;0;0
11.827.568/0001-05;2026-03-31;1;Rua barra Bonita;Setor1;0;0
11.827.568/0001-05;2026-03-31;1;Avenida Porto dos Santos;SetorN;0;0
11.827.568/0001-05;2026-03-31;1;Avenida Porto dos Santos;Setor3;0;0
11.827.568/0001-05;2026-03-31;1;Avenida Porto dos Santos;Setor2;0;0
11.827.568/0001-05;2026-03-31;1;TERRENO AV.BRASIL;Setor1;0;0
11.827.568/0001-05;2026-03-31;1;TERRENO AV.BRASIL;Setor2;0;0
11.827.568/0001-05;2026-03-31;1;TERRENO AV.BRASIL;Setor3;0;0
11.827.568/0001-05;2026-03-31;1;TERRENO AV.BRASIL;SetorN;0;0
11.827.568/0001-05;2026-03-31;1;Edifício West Convention;Setor1;0;0
11.827.568/0001-05;2026-03-31;1;Edifício West Convention;Setor2;0;0
11.827.568/0001-05;2026-03-31;1;Edifício West Convention;Setor3;0;0
11.827.568/0001-05;2026-03-31;1;Edifício West Convention;SetorN;0;0
11.827.568/0001-05;2026-03-31;1;Terreno Barigüi;Setor1;0;0
11.827.568/0001-05;2026-03-31;1;Terreno Barigüi;Setor2;0;0
11.827.568/0001-05;2026-03-31;1;Terreno Barigüi;Setor3;0;0
11.827.568/0001-05;2026-03-31;1;Terreno Barigüi;SetorN;0;0
11.827.568/0001-05;2026-03-31;1;HOTEL & SPA SETE LAGOAS;Setor1;0;0
11.827.568/0001-05;2026-03-31;1;HOTEL & SPA SETE LAGOAS;Setor2;0;0
11.827.568/0001-05;2026-03-31;1;HOTEL & SPA SETE LAGOAS;Setor3;0;0
11.827.568/0001-05;2026-03-31;1;HOTEL & SPA SETE LAGOAS;SetorN;0;0
11.827.568/0001-05;2026-03-31;1;RUA CAROLINA MACHADO;Setor1;0;0
11.827.568/0001-05;2026-03-31;1;RUA CAROLINA MACHADO;Setor2;0;0
11.827.568/0001-05;2026-03-31;1;RUA CAROLINA MACHADO;Setor3;0;0
11.827.568/0001-05;2026-03-31;1;RUA CAROLINA MACHADO;SetorN;0;0
11.827.568/0001-05;2026-03-31;1;Avenida das Américas;Setor1;0;0
11.827.568/0001-05;2026-03-31;1;Avenida das Américas;Setor2;0;0
11.827.568/0001-05;2026-03-31;1;Avenida das Américas;Setor3;0;0
11.827.568/0001-05;2026-03-31;1;Avenida das Américas;SetorN;0;0
11.827.568/0001-05;2026-03-31;1;Estrada dos Bandeirantes;Setor1;0;0
11.827.568/0001-05;2026-03-31;1;Estrada dos Bandeirantes;Setor2;0;0
11.827.568/0001-05;2026-03-31;1;Estrada dos Bandeirantes;Setor3;0;0
11.827.568/0001-05;2026-03-31;1;Estrada dos Bandeirantes;SetorN;0;0
11.827.568/0001-05;2026-03-31;1;Estrada dos Três Rios;Setor1;0;0
11.827.568/0001-05;2026-03-31;1;Estrada dos Três Rios;Setor2;0;0
11.827.568/0001-05;2026-03-31;1;Estrada dos Três Rios;Setor3;0;0
11.827.568/0001-05;2026-03-31;1;Estrada dos Três Rios;SetorN;0;0
11.827.568/0001-05;2026-03-31;1;Avenida Geremário Dantas;Setor1;0;0
11.827.568/0001-05;2026-03-31;1;Avenida Geremário Dantas;Setor2;0;0
11.827.568/0001-05;2026-03-31;1;Avenida Geremário Dantas;Setor3;0;0
11.827.568/0001-05;2026-03-31;1;Avenida Geremário Dantas;SetorN;0;0
11.827.568/0001-05;2026-03-31;1;Avenida Embaixador Abelardo Buerno;Setor1;0;0
11.827.568/0001-05;2026-03-31;1;Avenida Embaixador Abelardo Buerno;Setor2;0;0
11.827.568/0001-05;2026-03-31;1;Avenida Embaixador Abelardo Buerno;Setor3;0;0
11.827.568/0001-05;2026-03-31;1;Avenida Embaixador Abelardo Buerno;SetorN;0;0
11.827.568/0001-05;2026-03-31;1;Avenida Porto dos Santos;Setor1;0;0
13.500.306/0001-59;2026-03-31;1;Loja - Edifício Manhattan Tower;Serviços;1;0.223055
13.500.306/0001-59;2026-03-31;1;Edifício Vicente de Araújo;Serviços;1;0.299105
13.555.918/0001-49;2026-03-31;1;LOG TAUBATÉ;LAVANDERIA;0;0
13.555.918/0001-49;2026-03-31;1;INDUSTRIAL;COSMETICOS;0;0
13.920.018/0001-53;2026-03-31;1;POWER CENTER CICA;SetorN;0;0
13.920.018/0001-53;2026-03-31;1;POWER CENTER CICA;Setor3;0;0
13.920.018/0001-53;2026-03-31;1;POWER CENTER CICA;Setor2;0;0
13.920.018/0001-53;2026-03-31;1;POWER CENTER CICA;Setor1;0;0
14.217.108/0001-45;2026-03-31;1;Condominio Perini Business Park;Metalurgia;0.247104;0.244501
14.217.108/0001-45;2026-03-31;1;Condominio Perini Business Park;Setor2;0;0
14.217.108/0001-45;2026-03-31;1;Condominio Perini Business Park;Setor3;0;0
14.217.108/0001-45;2026-03-31;1;Condominio Perini Business Park;SetorN;0;0
14.631.148/0001-39;2026-03-31;1;IMÓVEL RB 115;Setor3;0;0
14.631.148/0001-39;2026-03-31;1;IMÓVEL RB 115;Setor2;0;0
14.631.148/0001-39;2026-03-31;1;IMÓVEL RB 115;Setor1;0;0
14.631.148/0001-39;2026-03-31;1;CONDADO DE CASCAIS;SetorN;0;0
14.631.148/0001-39;2026-03-31;1;CONDADO DE CASCAIS;Setor3;0;0
14.631.148/0001-39;2026-03-31;1;CONDADO DE CASCAIS;Setor2;0;0
14.631.148/0001-39;2026-03-31;1;CONDADO DE CASCAIS;Setor1;0;0
14.631.148/0001-39;2026-03-31;1;CHARITAS;SetorN;0;0
14.631.148/0001-39;2026-03-31;1;CHARITAS;Setor3;0;0
14.631.148/0001-39;2026-03-31;1;CHARITAS;Setor2;0;0
14.631.148/0001-39;2026-03-31;1;CHARITAS;Setor1;0;0
14.631.148/0001-39;2026-03-31;1;CAJAMAR;SetorN;0;0
14.631.148/0001-39;2026-03-31;1;CAJAMAR;Setor3;0;0
14.631.148/0001-39;2026-03-31;1;CAJAMAR;Setor2;0;0
14.631.148/0001-39;2026-03-31;1;CAJAMAR;Setor1;0;0
14.631.148/0001-39;2026-03-31;1;LIBERO;Setor1;0;0
14.631.148/0001-39;2026-03-31;1;LIBERO LOJA;SetorN;0;0
14.631.148/0001-39;2026-03-31;1;LIBERO LOJA;Setor3;0;0
14.631.148/0001-39;2026-03-31;1;LIBERO LOJA;Setor2;0;0
14.631.148/0001-39;2026-03-31;1;LIBERO LOJA;Setor1;0;0
14.631.148/0001-39;2026-03-31;1;INDAIATUBA;SetorN;0;0
14.631.148/0001-39;2026-03-31;1;INDAIATUBA;Setor3;0;0
14.631.148/0001-39;2026-03-31;1;INDAIATUBA;Setor2;0;0
14.631.148/0001-39;2026-03-31;1;INDAIATUBA;Setor1;0;0
14.631.148/0001-39;2026-03-31;1;IMÓVEL RB 115;SetorN;0;0
14.631.148/0001-39;2026-03-31;1;SÃO JOAQUIM;SetorN;0;0
14.631.148/0001-39;2026-03-31;1;SÃO JOAQUIM;Setor3;0;0
14.631.148/0001-39;2026-03-31;1;LIBERO;Setor2;0;0
14.631.148/0001-39;2026-03-31;1;LIBERO;Setor3;0;0
14.631.148/0001-39;2026-03-31;1;LIBERO;SetorN;0;0
14.631.148/0001-39;2026-03-31;1;RODRIGO SILVA;Setor1;0;0
14.631.148/0001-39;2026-03-31;1;RODRIGO SILVA;Setor2;0;0
14.631.148/0001-39;2026-03-31;1;RODRIGO SILVA;Setor3;0;0
14.631.148/0001-39;2026-03-31;1;RODRIGO SILVA;SetorN;0;0
14.631.148/0001-39;2026-03-31;1;SÃO JOAQUIM;Setor1;0;0
14.631.148/0001-39;2026-03-31;1;SÃO JOAQUIM;Setor2;0;0
14.721.889/0001-00;2026-03-31;1;Polo Shopping Indaiatuba;DISPONÍVEL;0;0
15.006.286/0001-90;2026-03-31;1;Edificio Demini;Varejo;0.486427;0.189955
15.006.286/0001-90;2026-03-31;1;Edificio Demini;Serviço:;0.513573;0.200556
15.006.286/0001-90;2026-03-31;1;Edificio Padauiri;Varejo;0;0
15.006.286/0001-90;2026-03-31;1;Edificio Padauiri;Serviço:;1;0.454323
15.006.286/0001-90;2026-03-31;1;Estacionamento;Varejo;0.468865;0.017528
15.006.286/0001-90;2026-03-31;1;Outros;Serviço:;0.850357;0.083442
15.006.286/0001-90;2026-03-31;1;Outros;Varejo;0.149643;0.014684
15.006.286/0001-90;2026-03-31;1;Estacionamento;Serviço:;0.531135;0.019855
15.348.117/0001-38;2026-03-31;1;Duque de Caxias - 514;Setor1;0;0
15.348.117/0001-38;2026-03-31;1;Duque de Caxias - 514;Setor2;0;0
15.348.117/0001-38;2026-03-31;1;Duque de Caxias - 514;Setor3;0;0
15.348.117/0001-38;2026-03-31;1;Duque de Caxias - 514;SetorN;0;0
15.348.117/0001-38;2026-03-31;1;Duque de Caxias - 513;Setor1;0;0
15.348.117/0001-38;2026-03-31;1;Duque de Caxias - 513;Setor2;0;0
15.348.117/0001-38;2026-03-31;1;Duque de Caxias - 513;Setor3;0;0
15.348.117/0001-38;2026-03-31;1;Duque de Caxias - 513;SetorN;0;0
15.348.117/0001-38;2026-03-31;1;Atibaia;Setor1;0;0
15.348.117/0001-38;2026-03-31;1;Atibaia;Setor2;0;0
15.348.117/0001-38;2026-03-31;1;Atibaia;Setor3;0;0
15.348.117/0001-38;2026-03-31;1;Atibaia;SetorN;0;0
15.348.117/0001-38;2026-03-31;1;Betim;Setor1;0;0
15.348.117/0001-38;2026-03-31;1;São Luiz;SetorN;0;0
15.348.117/0001-38;2026-03-31;1;São Luiz;Setor3;0;0
15.348.117/0001-38;2026-03-31;1;São Luiz;Setor2;0;0
15.348.117/0001-38;2026-03-31;1;São Luiz;Setor1;0;0
15.348.117/0001-38;2026-03-31;1;Pindamonhangaba;SetorN;0;0
15.348.117/0001-38;2026-03-31;1;Pindamonhangaba;Setor3;0;0
15.348.117/0001-38;2026-03-31;1;Pindamonhangaba;Setor2;0;0
15.348.117/0001-38;2026-03-31;1;Pindamonhangaba;Setor1;0;0
15.348.117/0001-38;2026-03-31;1;Parauapebas;SetorN;0;0
15.348.117/0001-38;2026-03-31;1;Parauapebas;Setor3;0;0
15.348.117/0001-38;2026-03-31;1;Parauapebas;Setor2;0;0
15.348.117/0001-38;2026-03-31;1;Parauapebas;Setor1;0;0
15.348.117/0001-38;2026-03-31;1;Duque de Caxias;SetorN;0;0
15.348.117/0001-38;2026-03-31;1;Duque de Caxias;Setor3;0;0
15.348.117/0001-38;2026-03-31;1;Duque de Caxias;Setor2;0;0
15.348.117/0001-38;2026-03-31;1;Duque de Caxias;Setor1;0;0
15.348.117/0001-38;2026-03-31;1;Cariacica;SetorN;0;0
15.348.117/0001-38;2026-03-31;1;Cariacica;Setor3;0;0
15.348.117/0001-38;2026-03-31;1;Cariacica;Setor2;0;0
15.348.117/0001-38;2026-03-31;1;Cariacica;Setor1;0;0
15.348.117/0001-38;2026-03-31;1;Betim;SetorN;0;0
15.348.117/0001-38;2026-03-31;1;Betim;Setor3;0;0
15.348.117/0001-38;2026-03-31;1;Betim;Setor2;0;0
17.374.696/0001-19;2026-03-31;1;Galpão Industrial;Indústria;1;0.4553
17.374.696/0001-19;2026-03-31;1;Domo Corporate;Mercado Financeiro;0.1072;0.0823
17.374.696/0001-19;2026-03-31;1;Domo Corporate;Setor Automobilístico;0.1117;0.0858
17.374.696/0001-19;2026-03-31;1;Domo Corporate;Tecnologia da Informação;0.1225;0.0941
17.374.696/0001-19;2026-03-31;1;Domo Corporate;Seguros;0.1811;0.1391
17.374.696/0001-19;2026-03-31;1;Domo Corporate;Servços Médicos/Saúde;0.2165;0.1663
19.267.845/0001-76;2026-03-31;1;ALAMEDA SANTOS - CONJUNTO;Empresarial;0;0
19.267.845/0001-76;2026-03-31;1;ALAMEDA SANTOS - CONJUNTO;Empresarial;0;0
19.267.845/0001-76;2026-03-31;1;ALAMEDA SANTOS - CONJUNTO;Empresarial;0;0
19.267.845/0001-76;2026-03-31;1;ANGELINA MAFFEI VITA - APARTAMENTO;Medico;0;0
19.267.845/0001-76;2026-03-31;1;IRAÍ - CONJUNTO;Empresarial;0;0
19.267.845/0001-76;2026-03-31;1;NAÇÕES UNIDAS - CONJUNTO;Empresarial;0;0
19.267.845/0001-76;2026-03-31;1;BRIGADEIRO FARIA LIMA - CONJUNTO;Empresarial;0;0
19.267.845/0001-76;2026-03-31;1;BRIGADEIRO FARIA LIMA - CONJUNTO;Empresarial;0;0
19.267.845/0001-76;2026-03-31;1;BRIGADEIRO FARIA LIMA - CONJUNTO;Empresarial;0;0
19.267.845/0001-76;2026-03-31;1;GOMES DE CARVALHO - CONJUNTO;Empresarial;0;0
19.267.845/0001-76;2026-03-31;1;NEBRASKA 2;Empresarial;0;0
19.267.845/0001-76;2026-03-31;1;CAPITAL JOÃO - CONJUNTO;Empresarial;0;0
19.267.845/0001-76;2026-03-31;1;CAMPOS BICUDO - CONJUNTO;Empresarial;0;0
19.267.845/0001-76;2026-03-31;1;ROCCIO - CONJUNTO;Empresarial;0;0
19.267.845/0001-76;2026-03-31;1;FIDENCIO RAMOS - CONJUNTO;Empresarial;0;0
19.267.845/0001-76;2026-03-31;1;ITAPEVA - CONJUNTO;Empresarial;0;0
19.267.845/0001-76;2026-03-31;1;ITAPEVA - CONJUNTO;Empresarial;0;0
19.267.845/0001-76;2026-03-31;1;JESUINO PASCOAL - LOJA;Empresarial;0;0
19.267.845/0001-76;2026-03-31;1;JESUINO PASCOAL - APARTAMENTO;Diversos setores;0;0
19.267.845/0001-76;2026-03-31;1;TABAPUÃ - CONJUNTO;Empresarial;0;0
19.267.845/0001-76;2026-03-31;1;VERBO DIVINO - CONJUNTO;Empresarial;0;0
19.267.845/0001-76;2026-03-31;1;VERBO DIVINO - CONJUNTO;Empresarial;0;0
20.118.470/0001-61;2026-03-31;1;SHOPPING OIAPOQUE;Setor1;0;0
20.118.470/0001-61;2026-03-31;1;SHOPPING OIAPOQUE;Setor2;0;0
20.118.470/0001-61;2026-03-31;1;SHOPPING OIAPOQUE;Setor3;0;0
20.118.470/0001-61;2026-03-31;1;SHOPPING OIAPOQUE;SetorN;0;0
20.118.470/0001-61;2026-03-31;1;IMOVEL ALTEROSA;Setor1;0;0
20.118.470/0001-61;2026-03-31;1;IMOVEL ALTEROSA;Setor2;0;0
20.118.470/0001-61;2026-03-31;1;IMOVEL ALTEROSA;Setor3;0;0
20.118.470/0001-61;2026-03-31;1;IMOVEL ALTEROSA;SetorN;0;0
20.118.470/0001-61;2026-03-31;1;SHOPPING TUPINAMBAS;Setor1;0;0
20.118.470/0001-61;2026-03-31;1;SHOPPING TUPINAMBAS;Setor2;0;0
20.118.470/0001-61;2026-03-31;1;SHOPPING TUPINAMBAS;Setor3;0;0
20.118.470/0001-61;2026-03-31;1;SHOPPING TUPINAMBAS;SetorN;0;0
20.118.470/0001-61;2026-03-31;1;IMOVEL FAMILIA GONCALVES;Setor1;0;0
20.118.470/0001-61;2026-03-31;1;GUARULHOS OUTLET - MAT 55.147;Setor1;0;0
20.118.470/0001-61;2026-03-31;1;GUARULHOS OUTLET - MAT 55.147;Setor2;0;0
20.118.470/0001-61;2026-03-31;1;GUARULHOS OUTLET - MAT 55.147;Setor3;0;0
20.118.470/0001-61;2026-03-31;1;GUARULHOS OUTLET - MAT 55.147;SetorN;0;0
20.118.470/0001-61;2026-03-31;1;OI CONTAGEM;Setor1;0;0
20.118.470/0001-61;2026-03-31;1;OI CONTAGEM;Setor2;0;0
20.118.470/0001-61;2026-03-31;1;OI CONTAGEM;Setor3;0;0
20.118.470/0001-61;2026-03-31;1;OI CONTAGEM;SetorN;0;0
20.118.470/0001-61;2026-03-31;1;OI CONTAGEM;Setor1;0;0
20.118.470/0001-61;2026-03-31;1;GUARULHOS OUTLET - MAT 55.147;SetorN;0;0
20.118.470/0001-61;2026-03-31;1;GUARULHOS OUTLET - MAT 55.147;Setor3;0;0
20.118.470/0001-61;2026-03-31;1;GUARULHOS OUTLET - MAT 55.147;Setor2;0;0
20.118.470/0001-61;2026-03-31;1;GUARULHOS OUTLET - MAT 55.147;Setor1;0;0
20.118.470/0001-61;2026-03-31;1;EMP BR CORREIOS MAT 44.486;SetorN;0;0
20.118.470/0001-61;2026-03-31;1;EMP BR CORREIOS MAT 44.486;Setor3;0;0
20.118.470/0001-61;2026-03-31;1;EMP BR CORREIOS MAT 44.486;Setor2;0;0
20.118.470/0001-61;2026-03-31;1;EMP BR CORREIOS MAT 44.486;Setor1;0;0
20.118.470/0001-61;2026-03-31;1;SHOPPING SOMA CONTAGEM;SetorN;0;0
20.118.470/0001-61;2026-03-31;1;SHOPPING SOMA CONTAGEM;Setor3;0;0
20.118.470/0001-61;2026-03-31;1;SHOPPING SOMA CONTAGEM;Setor2;0;0
20.118.470/0001-61;2026-03-31;1;SHOPPING SOMA CONTAGEM;Setor1;0;0
20.118.470/0001-61;2026-03-31;1;POWER SHOPPING - AERO MALL;SetorN;0;0
20.118.470/0001-61;2026-03-31;1;POWER SHOPPING - AERO MALL;Setor3;0;0
20.118.470/0001-61;2026-03-31;1;POWER SHOPPING - AERO MALL;Setor2;0;0
20.118.470/0001-61;2026-03-31;1;POWER SHOPPING - AERO MALL;Setor1;0;0
20.118.470/0001-61;2026-03-31;1;IMOVEL FAMILIA GONCALVES;SetorN;0;0
20.118.470/0001-61;2026-03-31;1;IMOVEL FAMILIA GONCALVES;Setor3;0;0
20.118.470/0001-61;2026-03-31;1;IMOVEL FAMILIA GONCALVES;Setor2;0;0
20.118.470/0001-61;2026-03-31;1;OI CONTAGEM;Setor2;0;0
20.118.470/0001-61;2026-03-31;1;CID INDUST CONTAGEM MAT 33.204;SetorN;0;0
20.118.470/0001-61;2026-03-31;1;OI CONTAGEM;Setor3;0;0
20.118.470/0001-61;2026-03-31;1;OI CONTAGEM;SetorN;0;0
20.118.470/0001-61;2026-03-31;1;CID INDUST CONTAGEM MAT 33.204;Setor3;0;0
20.118.470/0001-61;2026-03-31;1;CID INDUST CONTAGEM MAT 33.204;Setor2;0;0
20.118.470/0001-61;2026-03-31;1;CID INDUST CONTAGEM MAT 33.204;Setor1;0;0
20.717.355/0001-03;2026-03-31;1;Praça Rio Grande Shopping;Setor1;0;0
20.717.355/0001-03;2026-03-31;1;Praça Rio Grande Shopping;Setor2;0;0
20.717.355/0001-03;2026-03-31;1;Praça Rio Grande Shopping;Setor3;0;0
20.717.355/0001-03;2026-03-31;1;Praça Rio Grande Shopping;SetorN;0;0
22.503.991/0001-68;2026-03-31;1;Imóvel Brás;Setor1;0;0
22.503.991/0001-68;2026-03-31;1;Imóvel Brás;Setor2;0;0
22.503.991/0001-68;2026-03-31;1;Imóvel Brás;Setor3;0;0
22.503.991/0001-68;2026-03-31;1;Imóvel Brás;SetorN;0;0
27.773.327/0001-52;2026-03-31;1;IMOVEL BDS;SetorN;0;0
27.773.327/0001-52;2026-03-31;1;IMOVEL BDS;Setor3;0;0
27.773.327/0001-52;2026-03-31;1;IMOVEL BDS;Setor2;0;0
27.773.327/0001-52;2026-03-31;1;IMOVEL BDS;Setor1;0;0
27.773.327/0001-52;2026-03-31;1;IMOVEL  SÃO PAULO;SetorN;0;0
27.773.327/0001-52;2026-03-31;1;IMOVEL  SÃO PAULO;Setor3;0;0
27.773.327/0001-52;2026-03-31;1;IMOVEL  SÃO PAULO;Setor2;0;0
27.773.327/0001-52;2026-03-31;1;IMOVEL  SÃO PAULO;Setor1;0;0
27.773.327/0001-52;2026-03-31;1;IMOVEL BONSUCESSO;SetorN;0;0
27.773.327/0001-52;2026-03-31;1;IMOVEL BONSUCESSO;Setor3;0;0
27.773.327/0001-52;2026-03-31;1;IMOVEL BONSUCESSO;Setor2;0;0
27.773.327/0001-52;2026-03-31;1;IMOVEL BONSUCESSO;Setor1;0;0
28.267.530/0001-10;2026-03-31;1;Imóvel Brás;SetorN;0;0
28.267.530/0001-10;2026-03-31;1;Imóvel Brás;Setor3;0;0
28.267.530/0001-10;2026-03-31;1;Imóvel Brás;Setor2;0;0
28.267.530/0001-10;2026-03-31;1;Imóvel Brás;Setor1;0;0
28.267.530/0001-10;2026-03-31;1;Edifício Maria Gabriella;SetorN;0;0
28.267.530/0001-10;2026-03-31;1;Edifício Maria Gabriella;Setor3;0;0
28.267.530/0001-10;2026-03-31;1;Edifício Maria Gabriella;Setor2;0;0
28.267.530/0001-10;2026-03-31;1;Edifício Maria Gabriella;Setor1;0;0
28.693.595/0001-27;2026-03-31;1;Complexo WTC - World Trade Center de São Paulo;Moveleiro;0.3835;0.5604
28.693.595/0001-27;2026-03-31;1;Complexo WTC - World Trade Center de São Paulo;Serviços;0.2682;0.3918
28.693.595/0001-27;2026-03-31;1;Complexo WTC - World Trade Center de São Paulo;Entretenimento;0;0.1048
28.693.595/0001-27;2026-03-31;1;Complexo WTC - World Trade Center de São Paulo;Alimentação;0;0
28.693.595/0001-27;2026-03-31;1;Complexo WTC - World Trade Center de São Paulo;Utensílios;0;0
30.871.698/0001-81;2026-03-31;1;Barra Private;saúde;0.86;0.86
30.871.698/0001-81;2026-03-31;1;One Eleven;coworking;1;1
30.871.698/0001-81;2026-03-31;1;Neolink Office, Mal & Stay;saúde;1;1
30.871.698/0001-81;2026-03-31;1;Condomínio Helbor Trilogy Home & Offices;educação;1;1
30.871.698/0001-81;2026-03-31;1;ED. The Cittyplex Osasco;coworking;1;1
31.547.782/0001-07;2026-03-31;1;FAZENDA ARAGÃO CAMPINHOS;Agricultura;0;0
31.547.782/0001-07;2026-03-31;1;PATOS DE MINAS;Agricultura;0;0
31.547.782/0001-07;2026-03-31;1;FAZENDA AMBROSIO;Agricultura;0;0
31.547.782/0001-07;2026-03-31;1;FAZENDA SEGREDO;Agricultura;0;0
31.547.782/0001-07;2026-03-31;1;FAZENDA BARRA E MANGA;Agricultura;0;0
32.274.553/0001-29;2026-03-31;1;Ayra Pinheiros;Moradores;0;0
32.274.553/0001-29;2026-03-31;1;Ayra Perdizes;Moradores;0;0
32.274.553/0001-29;2026-03-31;1;Ayra Vila Madalena;Moradores;0;0
34.847.042/0001-84;2026-03-31;1;TORRE V - ED. ARAUCARIA;SetorN;0;0
34.847.042/0001-84;2026-03-31;1;TORRE V - ED. ARAUCARIA;Setor3;0;0
34.847.042/0001-84;2026-03-31;1;TORRE V - ED. ARAUCARIA;Setor2;0;0
34.847.042/0001-84;2026-03-31;1;TORRE V - ED. ARAUCARIA;Setor1;0;0
36.258.924/0001-30;2026-03-31;1;IMOVEL URBANO LBV 4 - Nº82.480;SetorN;0;0
36.258.924/0001-30;2026-03-31;1;IMOVEL URBANO LBV 4 - Nº82.480;Setor3;0;0
36.258.924/0001-30;2026-03-31;1;IMOVEL URBANO LBV 4 - Nº82.480;Setor2;0;0
36.258.924/0001-30;2026-03-31;1;IMOVEL URBANO LBV 4 - Nº82.480;Setor1;0;0
36.258.924/0001-30;2026-03-31;1;Matricula nº 72533/DF;SetorN;0;0
36.258.924/0001-30;2026-03-31;1;Matricula nº 72533/DF;Setor3;0;0
36.258.924/0001-30;2026-03-31;1;Matricula nº 72533/DF;Setor2;0;0
36.258.924/0001-30;2026-03-31;1;Matricula nº 72533/DF;Setor1;0;0
36.258.924/0001-30;2026-03-31;1;Matricula n° 56.262/ DF;SetorN;0;0
36.258.924/0001-30;2026-03-31;1;Matricula n° 56.262/ DF;Setor3;0;0
36.258.924/0001-30;2026-03-31;1;Matricula n° 56.262/ DF;Setor2;0;0
36.258.924/0001-30;2026-03-31;1;Matricula n° 56.262/ DF;Setor1;0;0
36.312.025/0001-78;2026-03-31;1;LOTEAMENTO ALPHAVILE- LOTE 16;SetorN;0;0
36.312.025/0001-78;2026-03-31;1;LOTEAMENTO ALPHAVILE- LOTE 16;Setor3;0;0
36.312.025/0001-78;2026-03-31;1;LOTEAMENTO ALPHAVILE- LOTE 16;Setor2;0;0
36.312.025/0001-78;2026-03-31;1;LOTEAMENTO ALPHAVILE- LOTE 16;Setor1;0;0
36.312.025/0001-78;2026-03-31;1;LOTEAMENTO ALPHAVILE- LOTE 15;SetorN;0;0
36.312.025/0001-78;2026-03-31;1;LOTEAMENTO ALPHAVILE- LOTE 15;Setor3;0;0
36.312.025/0001-78;2026-03-31;1;LOTEAMENTO ALPHAVILE- LOTE 15;Setor2;0;0
36.312.025/0001-78;2026-03-31;1;LOTEAMENTO ALPHAVILE- LOTE 15;Setor1;0;0
36.312.025/0001-78;2026-03-31;1;LOTEAMENTO ALPHAVILE- LOTE 14;SetorN;0;0
36.312.025/0001-78;2026-03-31;1;LOTEAMENTO ALPHAVILE- LOTE 14;Setor3;0;0
36.312.025/0001-78;2026-03-31;1;LOTEAMENTO ALPHAVILE- LOTE 14;Setor2;0;0
36.312.025/0001-78;2026-03-31;1;LOTEAMENTO ALPHAVILE- LOTE 14;Setor1;0;0
36.312.025/0001-78;2026-03-31;1;LOTEAMENTO ALPHAVILE- LOTE 13;SetorN;0;0
36.312.025/0001-78;2026-03-31;1;LOTEAMENTO ALPHAVILE- LOTE 13;Setor3;0;0
36.312.025/0001-78;2026-03-31;1;LOTEAMENTO ALPHAVILE- LOTE 13;Setor2;0;0
36.312.025/0001-78;2026-03-31;1;LOTEAMENTO ALPHAVILE- LOTE 13;Setor1;0;0
36.312.025/0001-78;2026-03-31;1;LOJA COMERCIAL RUA SÃO JOÃO, 232;SetorN;0;0
36.312.025/0001-78;2026-03-31;1;LOJA COMERCIAL RUA SÃO JOÃO, 232;Setor3;0;0
36.312.025/0001-78;2026-03-31;1;LOJA COMERCIAL RUA SÃO JOÃO, 232;Setor2;0;0
36.312.025/0001-78;2026-03-31;1;LOJA COMERCIAL RUA SÃO JOÃO, 232;Setor1;0;0
36.312.025/0001-78;2026-03-31;1;RUA HALFELD 822;SetorN;0;0
36.312.025/0001-78;2026-03-31;1;RUA HALFELD 822;Setor3;0;0
36.312.025/0001-78;2026-03-31;1;RUA HALFELD 822;Setor2;0;0
36.312.025/0001-78;2026-03-31;1;RUA HALFELD 822;Setor1;0;0
36.312.025/0001-78;2026-03-31;1;HALFELD 770;SetorN;0;0
36.312.025/0001-78;2026-03-31;1;HALFELD 770;Setor3;0;0
36.312.025/0001-78;2026-03-31;1;HALFELD 770;Setor2;0;0
36.312.025/0001-78;2026-03-31;1;HALFELD 770;Setor1;0;0
36.312.025/0001-78;2026-03-31;1;ECV - VISCONDE 616;SetorN;0;0
36.312.025/0001-78;2026-03-31;1;ECV - VISCONDE 616;Setor3;0;0
36.312.025/0001-78;2026-03-31;1;ECV - VISCONDE 616;Setor2;0;0
36.312.025/0001-78;2026-03-31;1;ECV - VISCONDE 616;Setor1;0;0
36.312.025/0001-78;2026-03-31;1;GRAND HYATT - LUXOR;SetorN;0;0
36.312.025/0001-78;2026-03-31;1;GRAND HYATT - LUXOR;Setor3;0;0
36.312.025/0001-78;2026-03-31;1;GRAND HYATT - LUXOR;Setor2;0;0
36.312.025/0001-78;2026-03-31;1;GRAND HYATT - LUXOR;Setor1;0;0
36.312.025/0001-78;2026-03-31;1;LOJA SAMPAIO;SetorN;0;0
36.312.025/0001-78;2026-03-31;1;LOJA SAMPAIO;Setor3;0;0
36.312.025/0001-78;2026-03-31;1;LOJA SAMPAIO;Setor2;0;0
36.312.025/0001-78;2026-03-31;1;LOJA SAMPAIO;Setor1;0;0
36.312.025/0001-78;2026-03-31;1;RUI BARBOSA 160;SetorN;0;0
36.312.025/0001-78;2026-03-31;1;RUI BARBOSA 160;Setor3;0;0
36.312.025/0001-78;2026-03-31;1;RUI BARBOSA 160;Setor2;0;0
36.312.025/0001-78;2026-03-31;1;RUI BARBOSA 160;Setor1;0;0
36.312.025/0001-78;2026-03-31;1;RUA HALFELD 781;SetorN;0;0
36.312.025/0001-78;2026-03-31;1;RUA HALFELD 781;Setor3;0;0
36.312.025/0001-78;2026-03-31;1;RUA HALFELD 781;Setor2;0;0
36.312.025/0001-78;2026-03-31;1;RUA HALFELD 781;Setor1;0;0
36.312.025/0001-78;2026-03-31;1;OI - RIO BRANCO 2288;SetorN;0;0
36.312.025/0001-78;2026-03-31;1;OI - RIO BRANCO 2288;Setor3;0;0
36.312.025/0001-78;2026-03-31;1;OI - RIO BRANCO 2288;Setor2;0;0
36.312.025/0001-78;2026-03-31;1;OI - RIO BRANCO 2288;Setor1;0;0
36.312.025/0001-78;2026-03-31;1;REI ALBERTO;Setor1;0;0
36.312.025/0001-78;2026-03-31;1;REI ALBERTO;Setor2;0;0
36.312.025/0001-78;2026-03-31;1;REI ALBERTO;Setor3;0;0
36.312.025/0001-78;2026-03-31;1;REI ALBERTO;SetorN;0;0
36.445.551/0001-06;2026-03-31;1;ACARAÚ 62;SetorN;0;0
36.445.551/0001-06;2026-03-31;1;ACARAÚ 62;Setor3;0;0
36.445.551/0001-06;2026-03-31;1;ACARAÚ 62;Setor2;0;0
36.445.551/0001-06;2026-03-31;1;ACARAÚ 62;Setor1;0;0
36.501.210/0001-00;2026-03-31;1;Península Open Mall;Alimentação;0.87;0.87
36.501.210/0001-00;2026-03-31;1;Península Open Mall;Educacional;0.1;0.1
36.501.210/0001-00;2026-03-31;1;Rio 2 Shopping;SetorN;0;0
36.501.210/0001-00;2026-03-31;1;Rio 2 Shopping;Setor3;0;0
36.501.210/0001-00;2026-03-31;1;Rio 2 Shopping;Setor2;0;0
36.501.210/0001-00;2026-03-31;1;Rio 2 Shopping;Setor1;0;0
36.501.210/0001-00;2026-03-31;1;Península Open Mall;Estética;0.22;0.22
36.501.210/0001-00;2026-03-31;1;Península Open Mall;Drogaria;0.18;0.18
36.885.948/0001-19;2026-03-31;1;FAZENDA Gervásio;Setor1;0;0
36.885.948/0001-19;2026-03-31;1;FAZENDA Gervásio;Setor2;0;0
36.885.948/0001-19;2026-03-31;1;FAZENDA Gervásio;Setor3;0;0
36.885.948/0001-19;2026-03-31;1;FAZENDA Gervásio;SetorN;0;0
36.885.948/0001-19;2026-03-31;1;JD FRANÇA;Setor1;0;0
36.885.948/0001-19;2026-03-31;1;JD FRANÇA;Setor2;0;0
36.885.948/0001-19;2026-03-31;1;JD FRANÇA;Setor3;0;0
36.885.948/0001-19;2026-03-31;1;JD FRANÇA;SetorN;0;0
36.885.948/0001-19;2026-03-31;1;Reserva Aysú;Setor1;0;0
36.885.948/0001-19;2026-03-31;1;Reserva Aysú;Setor2;0;0
36.885.948/0001-19;2026-03-31;1;Reserva Aysú;Setor3;0;0
36.885.948/0001-19;2026-03-31;1;Reserva Aysú;SetorN;0;0
36.885.948/0001-19;2026-03-31;1;FLAMB ALPHA F5 LT 5;Setor1;0;0
36.885.948/0001-19;2026-03-31;1;FLAMB ALPHA F5 LT 5;Setor2;0;0
36.885.948/0001-19;2026-03-31;1;FLAMB ALPHA F5 LT 5;Setor3;0;0
36.885.948/0001-19;2026-03-31;1;FLAMB ALPHA F5 LT 5;SetorN;0;0
36.885.948/0001-19;2026-03-31;1;POLO EMPRESARIALGOIAS ETAPA 7;Setor1;0;0
36.885.948/0001-19;2026-03-31;1;POLO EMPRESARIALGOIAS ETAPA 7;Setor2;0;0
36.885.948/0001-19;2026-03-31;1;POLO EMPRESARIALGOIAS ETAPA 7;Setor3;0;0
36.885.948/0001-19;2026-03-31;1;POLO EMPRESARIALGOIAS ETAPA 7;SetorN;0;0
36.885.948/0001-19;2026-03-31;1;BUSCA VIDA CONDOMÍNIO BUSCA VIDA;Setor1;0;0
36.885.948/0001-19;2026-03-31;1;BUSCA VIDA CONDOMÍNIO BUSCA VIDA;Setor2;0;0
36.885.948/0001-19;2026-03-31;1;BUSCA VIDA CONDOMÍNIO BUSCA VIDA;Setor3;0;0
36.885.948/0001-19;2026-03-31;1;BUSCA VIDA CONDOMÍNIO BUSCA VIDA;SetorN;0;0
36.885.948/0001-19;2026-03-31;1;ALP FLAM LT 1 2 3 4 9 10 E 13;Setor1;0;0
36.885.948/0001-19;2026-03-31;1;ALP FLAM LT 1 2 3 4 9 10 E 13;Setor2;0;0
36.885.948/0001-19;2026-03-31;1;ALP FLAM LT 1 2 3 4 9 10 E 13;Setor3;0;0
36.885.948/0001-19;2026-03-31;1;ALP FLAM LT 1 2 3 4 9 10 E 13;SetorN;0;0
36.885.948/0001-19;2026-03-31;1;EDIFÍCIO LINDENBERG;Setor1;0;0
36.885.948/0001-19;2026-03-31;1;EDIFÍCIO LINDENBERG;Setor2;0;0
36.885.948/0001-19;2026-03-31;1;EDIFÍCIO LINDENBERG;Setor3;0;0
36.885.948/0001-19;2026-03-31;1;EDIFÍCIO LINDENBERG;SetorN;0;0
36.885.948/0001-19;2026-03-31;1;FL RESIDENCE  APARTAMENTO 36;Setor1;0;0
36.885.948/0001-19;2026-03-31;1;FL RESIDENCE  APARTAMENTO 36;Setor2;0;0
36.885.948/0001-19;2026-03-31;1;FL RESIDENCE  APARTAMENTO 36;Setor3;0;0
36.885.948/0001-19;2026-03-31;1;FL RESIDENCE  APARTAMENTO 36;SetorN;0;0
36.885.948/0001-19;2026-03-31;1;ALPHAVILLE FLAMBOYANT L13B05;Setor1;0;0
36.885.948/0001-19;2026-03-31;1;ALPHAVILLE FLAMBOYANT L13B05;Setor2;0;0
36.885.948/0001-19;2026-03-31;1;ALPHAVILLE FLAMBOYANT L13B05;Setor3;0;0
36.885.948/0001-19;2026-03-31;1;ALPHAVILLE FLAMBOYANT L13B05;SetorN;0;0
36.885.989/0001-05;2026-03-31;1;LT 5 QD B4 ALPHA FLA;SetorN;0;0
36.885.989/0001-05;2026-03-31;1;LT 5 QD B4 ALPHA FLA;Setor3;0;0
36.885.989/0001-05;2026-03-31;1;LT 5 QD B4 ALPHA FLA;Setor2;0;0
36.885.989/0001-05;2026-03-31;1;LT 5 QD B4 ALPHA FLA;Setor1;0;0
36.885.989/0001-05;2026-03-31;1;IMOVEL 48 - CAPELA;SetorN;0;0
36.885.989/0001-05;2026-03-31;1;IMOVEL 48 - CAPELA;Setor3;0;0
36.885.989/0001-05;2026-03-31;1;IMOVEL 48 - CAPELA;Setor2;0;0
36.885.989/0001-05;2026-03-31;1;IMOVEL 48 - CAPELA;Setor1;0;0
36.885.989/0001-05;2026-03-31;1;FAZENDA LAGO AZUL GO;SetorN;0;0
36.885.989/0001-05;2026-03-31;1;FAZENDA LAGO AZUL GO;Setor3;0;0
36.885.989/0001-05;2026-03-31;1;FAZENDA LAGO AZUL GO;Setor2;0;0
36.885.989/0001-05;2026-03-31;1;FAZENDA LAGO AZUL GO;Setor1;0;0
36.885.989/0001-05;2026-03-31;1;ALPHA MALL ALPHAVILLE;SetorN;0;0
36.885.989/0001-05;2026-03-31;1;ALPHA MALL ALPHAVILLE;Setor3;0;0
36.885.989/0001-05;2026-03-31;1;ALPHA MALL ALPHAVILLE;Setor2;0;0
36.885.989/0001-05;2026-03-31;1;ALPHA MALL ALPHAVILLE;Setor1;0;0
36.885.989/0001-05;2026-03-31;1;RECANTO DOS BURITIS;SetorN;0;0
36.885.989/0001-05;2026-03-31;1;RECANTO DOS BURITIS;Setor3;0;0
36.885.989/0001-05;2026-03-31;1;RECANTO DOS BURITIS;Setor2;0;0
36.885.989/0001-05;2026-03-31;1;RECANTO DOS BURITIS;Setor1;0;0
36.885.989/0001-05;2026-03-31;1;ALPHA MALL SALA;Setor1;0;0
36.885.989/0001-05;2026-03-31;1;ALPHA MALL SALA;Setor2;0;0
36.885.989/0001-05;2026-03-31;1;ALPHA MALL SALA;Setor3;0;0
36.885.989/0001-05;2026-03-31;1;ALPHA MALL SALA;SetorN;0;0
36.885.989/0001-05;2026-03-31;1;FRANÇA LOTE 07;Setor1;0;0
36.885.989/0001-05;2026-03-31;1;FRANÇA LOTE 07;Setor2;0;0
36.885.989/0001-05;2026-03-31;1;FRANÇA LOTE 07;Setor3;0;0
36.885.989/0001-05;2026-03-31;1;FRANÇA LOTE 07;SetorN;0;0
36.885.989/0001-05;2026-03-31;1;VILA SERRA GRANDE 5;Setor1;0;0
36.885.989/0001-05;2026-03-31;1;VILA SERRA GRANDE 5;Setor2;0;0
36.885.989/0001-05;2026-03-31;1;VILA SERRA GRANDE 5;Setor3;0;0
36.885.989/0001-05;2026-03-31;1;VILA SERRA GRANDE 5;SetorN;0;0
36.885.989/0001-05;2026-03-31;1;JD. FRANÇA N06 / 33;Setor1;0;0
36.885.989/0001-05;2026-03-31;1;JD. FRANÇA N06 / 33;Setor2;0;0
36.885.989/0001-05;2026-03-31;1;JD. FRANÇA N06 / 33;Setor3;0;0
36.885.989/0001-05;2026-03-31;1;JD. FRANÇA N06 / 33;SetorN;0;0
36.885.989/0001-05;2026-03-31;1;POLO EMPRESARIAL GOIAS ETAPA;Setor1;0;0
36.885.989/0001-05;2026-03-31;1;POLO EMPRESARIAL GOIAS ETAPA;Setor2;0;0
36.885.989/0001-05;2026-03-31;1;POLO EMPRESARIAL GOIAS ETAPA;Setor3;0;0
36.885.989/0001-05;2026-03-31;1;POLO EMPRESARIAL GOIAS ETAPA;SetorN;0;0
36.885.989/0001-05;2026-03-31;1;AVENIDA DAS ACÁCIAS-GO;Setor1;0;0
36.885.989/0001-05;2026-03-31;1;AVENIDA DAS ACÁCIAS-GO;Setor2;0;0
36.885.989/0001-05;2026-03-31;1;AVENIDA DAS ACÁCIAS-GO;Setor3;0;0
36.885.989/0001-05;2026-03-31;1;AVENIDA DAS ACÁCIAS-GO;SetorN;0;0
36.885.989/0001-05;2026-03-31;1;GLEBA 01 / ITACARÉBA;Setor1;0;0
36.885.989/0001-05;2026-03-31;1;GLEBA 01 / ITACARÉBA;Setor2;0;0
36.885.989/0001-05;2026-03-31;1;GLEBA 01 / ITACARÉBA;Setor3;0;0
36.885.989/0001-05;2026-03-31;1;GLEBA 01 / ITACARÉBA;SetorN;0;0
39.347.413/0001-82;2026-03-31;1;Unimed Campina Grande;Hospital;1;0.935635
39.347.413/0001-82;2026-03-31;1;Unimed Campina Grande;Setor2;0;0
39.347.413/0001-82;2026-03-31;1;Unimed Campina Grande;Setor3;0;0
39.347.413/0001-82;2026-03-31;1;Unimed Campina Grande;SetorN;0;0
40.346.049/0001-15;2026-03-31;1;Imóvel - Cabreuva - SP;logistica;0.999999;0.999999
40.837.664/0001-24;2026-03-31;1;Galpão logístico / industrial;Setor1;0;0
40.837.664/0001-24;2026-03-31;1;Galpão logístico / industrial;Setor2;0;0
40.837.664/0001-24;2026-03-31;1;Galpão logístico / industrial;Setor3;0;0
40.837.664/0001-24;2026-03-31;1;Galpão logístico / industrial;SetorN;0;0
40.886.521/0001-02;2026-03-31;1;Parque Jockey;SetorN;0;0
40.886.521/0001-02;2026-03-31;1;Parque Jockey;Setor3;0;0
40.886.521/0001-02;2026-03-31;1;Parque Jockey;Setor2;0;0
40.886.521/0001-02;2026-03-31;1;Parque Jockey;Setor1;0;0
40.886.521/0001-02;2026-03-31;1;Edíficio NYC;SetorN;0;0
40.886.521/0001-02;2026-03-31;1;Edíficio NYC;Setor3;0;0
40.886.521/0001-02;2026-03-31;1;Edíficio NYC;Setor2;0;0
40.886.521/0001-02;2026-03-31;1;Edíficio NYC;Setor1;0;0
40.886.521/0001-02;2026-03-31;1;Edifício Nun Vila Nova;SetorN;0;0
40.886.521/0001-02;2026-03-31;1;Edifício Nun Vila Nova;Setor3;0;0
40.886.521/0001-02;2026-03-31;1;Edifício Nun Vila Nova;Setor2;0;0
40.886.521/0001-02;2026-03-31;1;Edifício Nun Vila Nova;Setor1;0;0
41.219.454/0001-35;2026-03-31;1;MAT 288.963;SetorN;0;0
41.219.454/0001-35;2026-03-31;1;MAT 288.963;Setor3;0;0
41.219.454/0001-35;2026-03-31;1;MAT 288.963;Setor2;0;0
41.219.454/0001-35;2026-03-31;1;MAT 288.963;Setor1;0;0
41.219.454/0001-35;2026-03-31;1;MAT 249.415;SetorN;0;0
41.219.454/0001-35;2026-03-31;1;MAT 249.415;Setor3;0;0
41.219.454/0001-35;2026-03-31;1;MAT 249.415;Setor2;0;0
41.219.454/0001-35;2026-03-31;1;MAT 249.415;Setor1;0;0
41.219.454/0001-35;2026-03-31;1;MAT 248.550;SetorN;0;0
41.219.454/0001-35;2026-03-31;1;MAT 248.550;Setor3;0;0
41.219.454/0001-35;2026-03-31;1;MAT 248.550;Setor2;0;0
41.219.454/0001-35;2026-03-31;1;MAT 248.550;Setor1;0;0
41.219.454/0001-35;2026-03-31;1;MAT 194.586;SetorN;0;0
41.219.454/0001-35;2026-03-31;1;MAT 194.586;Setor3;0;0
41.219.454/0001-35;2026-03-31;1;MAT 194.586;Setor2;0;0
41.219.454/0001-35;2026-03-31;1;MAT 194.586;Setor1;0;0
41.219.454/0001-35;2026-03-31;1;MAT 181.126;SetorN;0;0
41.219.454/0001-35;2026-03-31;1;MAT 181.126;Setor3;0;0
41.219.454/0001-35;2026-03-31;1;MAT 181.126;Setor2;0;0
41.219.454/0001-35;2026-03-31;1;MAT 181.126;Setor1;0;0
41.219.454/0001-35;2026-03-31;1;MAT 17.086;SetorN;0;0
41.219.454/0001-35;2026-03-31;1;MAT 17.086;Setor3;0;0
41.219.454/0001-35;2026-03-31;1;MAT 17.086;Setor2;0;0
41.219.454/0001-35;2026-03-31;1;MAT 17.086;Setor1;0;0
41.219.454/0001-35;2026-03-31;1;MAT 154.356;SetorN;0;0
41.219.454/0001-35;2026-03-31;1;MAT 154.356;Setor3;0;0
41.219.454/0001-35;2026-03-31;1;MAT 154.356;Setor2;0;0
41.219.454/0001-35;2026-03-31;1;MAT 154.356;Setor1;0;0
41.219.454/0001-35;2026-03-31;1;MAT 151.961;SetorN;0;0
41.219.454/0001-35;2026-03-31;1;MAT 151.961;Setor3;0;0
41.219.454/0001-35;2026-03-31;1;MAT 151.961;Setor2;0;0
41.219.454/0001-35;2026-03-31;1;MAT 151.961;Setor1;0;0
41.219.454/0001-35;2026-03-31;1;MAT 150.945;SetorN;0;0
41.219.454/0001-35;2026-03-31;1;MAT 150.945;Setor3;0;0
41.219.454/0001-35;2026-03-31;1;MAT 150.945;Setor2;0;0
41.219.454/0001-35;2026-03-31;1;MAT 150.945;Setor1;0;0
41.219.454/0001-35;2026-03-31;1;MAT 117.711;SetorN;0;0
41.219.454/0001-35;2026-03-31;1;MAT 117.711;Setor3;0;0
41.219.454/0001-35;2026-03-31;1;MAT 117.711;Setor2;0;0
41.219.454/0001-35;2026-03-31;1;MAT 117.711;Setor1;0;0
41.650.310/0001-39;2026-03-31;1;AV. TORQUATO TAPAJÓS, Nº 6584;SetorN;0;0
41.650.310/0001-39;2026-03-31;1;AV. TORQUATO TAPAJÓS, Nº 6584;Setor3;0;0
41.650.310/0001-39;2026-03-31;1;AV. TORQUATO TAPAJÓS, Nº 6584;Setor2;0;0
41.650.310/0001-39;2026-03-31;1;AV. TORQUATO TAPAJÓS, Nº 6584;Setor1;0;0
41.650.310/0001-39;2026-03-31;1;AVENIDA TANCREDO NEVES;SetorN;0;0
41.650.310/0001-39;2026-03-31;1;AVENIDA TANCREDO NEVES;Setor3;0;0
41.650.310/0001-39;2026-03-31;1;AVENIDA TANCREDO NEVES;Setor2;0;0
41.650.310/0001-39;2026-03-31;1;AVENIDA TANCREDO NEVES;Setor1;0;0
41.650.310/0001-39;2026-03-31;1;ESTRADA DA COMPENSA;SetorN;0;0
41.650.310/0001-39;2026-03-31;1;ESTRADA DA COMPENSA;Setor3;0;0
41.650.310/0001-39;2026-03-31;1;ESTRADA DA COMPENSA;Setor2;0;0
41.650.310/0001-39;2026-03-31;1;ESTRADA DA COMPENSA;Setor1;0;0
41.650.310/0001-39;2026-03-31;1;AV. FRANCISCO QUEIROZ, N 1025;SetorN;0;0
41.650.310/0001-39;2026-03-31;1;AV. FRANCISCO QUEIROZ, N 1025;Setor3;0;0
41.650.310/0001-39;2026-03-31;1;AV. FRANCISCO QUEIROZ, N 1025;Setor2;0;0
41.650.310/0001-39;2026-03-31;1;AV. FRANCISCO QUEIROZ, N 1025;Setor1;0;0
41.650.310/0001-39;2026-03-31;1;AVENIDA CORONEL TEIXEIRA,N4081;SetorN;0;0
41.650.310/0001-39;2026-03-31;1;AVENIDA CORONEL TEIXEIRA,N4081;Setor3;0;0
41.650.310/0001-39;2026-03-31;1;AVENIDA CORONEL TEIXEIRA,N4081;Setor2;0;0
41.650.310/0001-39;2026-03-31;1;AVENIDA CORONEL TEIXEIRA,N4081;Setor1;0;0
41.650.310/0001-39;2026-03-31;1;AVENIDA MAX TEIXEIRA, Nº 3.676;SetorN;0;0
41.650.310/0001-39;2026-03-31;1;AVENIDA MAX TEIXEIRA, Nº 3.676;Setor3;0;0
41.650.310/0001-39;2026-03-31;1;AVENIDA MAX TEIXEIRA, Nº 3.676;Setor2;0;0
41.650.310/0001-39;2026-03-31;1;AVENIDA MAX TEIXEIRA, Nº 3.676;Setor1;0;0
41.650.310/0001-39;2026-03-31;1;RUA SALDANHA MARINHO, 402;SetorN;0;0
41.650.310/0001-39;2026-03-31;1;RUA SALDANHA MARINHO, 402;Setor3;0;0
41.650.310/0001-39;2026-03-31;1;RUA SALDANHA MARINHO, 402;Setor2;0;0
41.650.310/0001-39;2026-03-31;1;RUA SALDANHA MARINHO, 402;Setor1;0;0
41.650.310/0001-39;2026-03-31;1;RUA DOS BARÉS, 269;SetorN;0;0
41.650.310/0001-39;2026-03-31;1;RUA DOS BARÉS, 269;Setor3;0;0
41.650.310/0001-39;2026-03-31;1;RUA DOS BARÉS, 269;Setor2;0;0
41.650.310/0001-39;2026-03-31;1;RUA DOS BARÉS, 269;Setor1;0;0
41.650.310/0001-39;2026-03-31;1;AVENIDA AUTAZ MIRIM;SetorN;0;0
41.650.310/0001-39;2026-03-31;1;AVENIDA AUTAZ MIRIM;Setor3;0;0
41.650.310/0001-39;2026-03-31;1;AVENIDA AUTAZ MIRIM;Setor2;0;0
41.650.310/0001-39;2026-03-31;1;AVENIDA AUTAZ MIRIM;Setor1;0;0
41.969.521/0001-39;2026-03-31;1;CJ_08836_41;Setor1;0;0
41.969.521/0001-39;2026-03-31;1;CJ_08834_41;SetorN;0;0
41.969.521/0001-39;2026-03-31;1;CJ_08834_41;Setor3;0;0
41.969.521/0001-39;2026-03-31;1;CJ_08834_41;Setor2;0;0
41.969.521/0001-39;2026-03-31;1;CJ_08834_41;Setor1;0;0
41.969.521/0001-39;2026-03-31;1;CJ_08836_41;Setor2;0;0
41.969.521/0001-39;2026-03-31;1;CJ_08836_41;Setor3;0;0
41.969.521/0001-39;2026-03-31;1;CJ_08836_41;SetorN;0;0
41.969.521/0001-39;2026-03-31;1;CJ_08837_41;Setor1;0;0
41.969.521/0001-39;2026-03-31;1;CJ_08835_41;Setor3;0;0
41.969.521/0001-39;2026-03-31;1;CJ_08835_41;SetorN;0;0
41.969.521/0001-39;2026-03-31;1;LJ_75202_41;Setor1;0;0
41.969.521/0001-39;2026-03-31;1;LJ_75201_41;SetorN;0;0
41.969.521/0001-39;2026-03-31;1;LJ_75201_41;Setor3;0;0
41.969.521/0001-39;2026-03-31;1;LJ_75201_41;Setor2;0;0
41.969.521/0001-39;2026-03-31;1;LJ_75201_41;Setor1;0;0
41.969.521/0001-39;2026-03-31;1;LJ_75200_41;SetorN;0;0
41.969.521/0001-39;2026-03-31;1;LJ_75200_41;Setor3;0;0
41.969.521/0001-39;2026-03-31;1;LJ_75200_41;Setor2;0;0
41.969.521/0001-39;2026-03-31;1;LJ_75200_41;Setor1;0;0
41.969.521/0001-39;2026-03-31;1;LJ_75199_41;SetorN;0;0
41.969.521/0001-39;2026-03-31;1;LJ_75199_41;Setor3;0;0
41.969.521/0001-39;2026-03-31;1;LJ_75199_41;Setor2;0;0
41.969.521/0001-39;2026-03-31;1;LJ_75199_41;Setor1;0;0
41.969.521/0001-39;2026-03-31;1;CJ_75216_41;SetorN;0;0
41.969.521/0001-39;2026-03-31;1;CJ_75216_41;Setor3;0;0
41.969.521/0001-39;2026-03-31;1;CJ_75216_41;Setor2;0;0
41.969.521/0001-39;2026-03-31;1;CJ_75216_41;Setor1;0;0
41.969.521/0001-39;2026-03-31;1;CJ_75215_41;SetorN;0;0
41.969.521/0001-39;2026-03-31;1;CJ_75215_41;Setor3;0;0
41.969.521/0001-39;2026-03-31;1;CJ_75215_41;Setor2;0;0
41.969.521/0001-39;2026-03-31;1;CJ_75215_41;Setor1;0;0
41.969.521/0001-39;2026-03-31;1;CJ_75214_41;SetorN;0;0
41.969.521/0001-39;2026-03-31;1;CJ_75214_41;Setor3;0;0
41.969.521/0001-39;2026-03-31;1;CJ_75214_41;Setor2;0;0
41.969.521/0001-39;2026-03-31;1;CJ_75214_41;Setor1;0;0
41.969.521/0001-39;2026-03-31;1;CJ_75213_41;SetorN;0;0
41.969.521/0001-39;2026-03-31;1;CJ_75213_41;Setor3;0;0
41.969.521/0001-39;2026-03-31;1;CJ_75213_41;Setor2;0;0
41.969.521/0001-39;2026-03-31;1;CJ_75213_41;Setor1;0;0
41.969.521/0001-39;2026-03-31;1;CJ_75212_41;SetorN;0;0
41.969.521/0001-39;2026-03-31;1;CJ_75212_41;Setor3;0;0
41.969.521/0001-39;2026-03-31;1;CJ_75212_41;Setor2;0;0
41.969.521/0001-39;2026-03-31;1;CJ_75212_41;Setor1;0;0
41.969.521/0001-39;2026-03-31;1;CJ_75211_41;SetorN;0;0
41.969.521/0001-39;2026-03-31;1;CJ_75211_41;Setor3;0;0
41.969.521/0001-39;2026-03-31;1;CJ_75211_41;Setor2;0;0
41.969.521/0001-39;2026-03-31;1;CJ_75211_41;Setor1;0;0
41.969.521/0001-39;2026-03-31;1;CJ_75210_41;SetorN;0;0
41.969.521/0001-39;2026-03-31;1;CJ_75210_41;Setor3;0;0
41.969.521/0001-39;2026-03-31;1;CJ_75210_41;Setor2;0;0
41.969.521/0001-39;2026-03-31;1;CJ_75210_41;Setor1;0;0
41.969.521/0001-39;2026-03-31;1;CJ_75209_41;SetorN;0;0
41.969.521/0001-39;2026-03-31;1;CJ_75209_41;Setor3;0;0
41.969.521/0001-39;2026-03-31;1;CJ_75209_41;Setor2;0;0
41.969.521/0001-39;2026-03-31;1;CJ_75209_41;Setor1;0;0
41.969.521/0001-39;2026-03-31;1;CJ_75208_41;SetorN;0;0
41.969.521/0001-39;2026-03-31;1;CJ_75208_41;Setor3;0;0
41.969.521/0001-39;2026-03-31;1;CJ_75208_41;Setor2;0;0
41.969.521/0001-39;2026-03-31;1;CJ_75208_41;Setor1;0;0
41.969.521/0001-39;2026-03-31;1;CJ_75207_41;SetorN;0;0
41.969.521/0001-39;2026-03-31;1;CJ_75207_41;Setor3;0;0
41.969.521/0001-39;2026-03-31;1;CJ_75207_41;Setor2;0;0
41.969.521/0001-39;2026-03-31;1;CJ_75207_41;Setor1;0;0
41.969.521/0001-39;2026-03-31;1;CJ_75206_41;SetorN;0;0
41.969.521/0001-39;2026-03-31;1;CJ_75206_41;Setor3;0;0
41.969.521/0001-39;2026-03-31;1;CJ_75206_41;Setor2;0;0
41.969.521/0001-39;2026-03-31;1;CJ_75206_41;Setor1;0;0
41.969.521/0001-39;2026-03-31;1;CJ_75205_41;SetorN;0;0
41.969.521/0001-39;2026-03-31;1;CJ_75205_41;Setor3;0;0
41.969.521/0001-39;2026-03-31;1;CJ_75205_41;Setor2;0;0
41.969.521/0001-39;2026-03-31;1;CJ_75205_41;Setor1;0;0
41.969.521/0001-39;2026-03-31;1;CJ_59509_41;SetorN;0;0
41.969.521/0001-39;2026-03-31;1;CJ_59509_41;Setor3;0;0
41.969.521/0001-39;2026-03-31;1;CJ_59509_41;Setor2;0;0
41.969.521/0001-39;2026-03-31;1;CJ_59509_41;Setor1;0;0
41.969.521/0001-39;2026-03-31;1;CJ_59484_41;SetorN;0;0
41.969.521/0001-39;2026-03-31;1;CJ_59484_41;Setor3;0;0
41.969.521/0001-39;2026-03-31;1;CJ_59484_41;Setor2;0;0
41.969.521/0001-39;2026-03-31;1;CJ_59484_41;Setor1;0;0
41.969.521/0001-39;2026-03-31;1;CJ_59422_41;SetorN;0;0
41.969.521/0001-39;2026-03-31;1;CJ_59422_41;Setor3;0;0
41.969.521/0001-39;2026-03-31;1;CJ_59422_41;Setor2;0;0
41.969.521/0001-39;2026-03-31;1;CJ_59422_41;Setor1;0;0
41.969.521/0001-39;2026-03-31;1;CJ_59340_41;SetorN;0;0
41.969.521/0001-39;2026-03-31;1;CJ_59340_41;Setor3;0;0
41.969.521/0001-39;2026-03-31;1;CJ_59340_41;Setor2;0;0
41.969.521/0001-39;2026-03-31;1;CJ_59340_41;Setor1;0;0
41.969.521/0001-39;2026-03-31;1;LJ_75202_41;Setor2;0;0
41.969.521/0001-39;2026-03-31;1;LJ_75202_41;Setor3;0;0
41.969.521/0001-39;2026-03-31;1;LJ_75202_41;SetorN;0;0
41.969.521/0001-39;2026-03-31;1;VG_08169_41;Setor1;0;0
41.969.521/0001-39;2026-03-31;1;VG_08169_41;Setor2;0;0
41.969.521/0001-39;2026-03-31;1;VG_08169_41;Setor3;0;0
41.969.521/0001-39;2026-03-31;1;VG_08169_41;SetorN;0;0
41.969.521/0001-39;2026-03-31;1;VG_08301_41;Setor1;0;0
41.969.521/0001-39;2026-03-31;1;VG_08301_41;Setor2;0;0
41.969.521/0001-39;2026-03-31;1;VG_08301_41;Setor3;0;0
41.969.521/0001-39;2026-03-31;1;VG_08301_41;SetorN;0;0
41.969.521/0001-39;2026-03-31;1;VG_08307_41;Setor1;0;0
41.969.521/0001-39;2026-03-31;1;VG_08307_41;Setor2;0;0
41.969.521/0001-39;2026-03-31;1;VG_08307_41;Setor3;0;0
41.969.521/0001-39;2026-03-31;1;VG_08307_41;SetorN;0;0
41.969.521/0001-39;2026-03-31;1;VG_08308_41;Setor1;0;0
41.969.521/0001-39;2026-03-31;1;VG_08308_41;Setor2;0;0
41.969.521/0001-39;2026-03-31;1;VG_08308_41;Setor3;0;0
41.969.521/0001-39;2026-03-31;1;VG_08308_41;SetorN;0;0
41.969.521/0001-39;2026-03-31;1;VG_08309_41;Setor1;0;0
41.969.521/0001-39;2026-03-31;1;VG_08309_41;Setor2;0;0
41.969.521/0001-39;2026-03-31;1;VG_08309_41;Setor3;0;0
41.969.521/0001-39;2026-03-31;1;VG_08309_41;SetorN;0;0
41.969.521/0001-39;2026-03-31;1;VG_08311_41;Setor1;0;0
41.969.521/0001-39;2026-03-31;1;VG_08311_41;Setor2;0;0
41.969.521/0001-39;2026-03-31;1;VG_08311_41;Setor3;0;0
41.969.521/0001-39;2026-03-31;1;VG_08311_41;SetorN;0;0
41.969.521/0001-39;2026-03-31;1;VG_08326_41;Setor1;0;0
41.969.521/0001-39;2026-03-31;1;VG_08326_41;Setor2;0;0
41.969.521/0001-39;2026-03-31;1;VG_08326_41;Setor3;0;0
41.969.521/0001-39;2026-03-31;1;VG_08326_41;SetorN;0;0
41.969.521/0001-39;2026-03-31;1;VG_08333_41;Setor1;0;0
41.969.521/0001-39;2026-03-31;1;VG_08333_41;Setor2;0;0
41.969.521/0001-39;2026-03-31;1;VG_08333_41;Setor3;0;0
41.969.521/0001-39;2026-03-31;1;VG_08333_41;SetorN;0;0
41.969.521/0001-39;2026-03-31;1;VG_75954_41;Setor1;0;0
41.969.521/0001-39;2026-03-31;1;VG_75954_41;Setor2;0;0
41.969.521/0001-39;2026-03-31;1;VG_75954_41;Setor3;0;0
41.969.521/0001-39;2026-03-31;1;VG_75954_41;SetorN;0;0
41.969.521/0001-39;2026-03-31;1;VG_75964_41;Setor1;0;0
41.969.521/0001-39;2026-03-31;1;VG_75964_41;Setor2;0;0
41.969.521/0001-39;2026-03-31;1;VG_75964_41;Setor3;0;0
41.969.521/0001-39;2026-03-31;1;VG_75964_41;SetorN;0;0
41.969.521/0001-39;2026-03-31;1;VG_76046_41;Setor1;0;0
41.969.521/0001-39;2026-03-31;1;CJ_08835_41;Setor2;0;0
41.969.521/0001-39;2026-03-31;1;CJ_08838_41;SetorN;0;0
41.969.521/0001-39;2026-03-31;1;CJ_08838_41;Setor3;0;0
41.969.521/0001-39;2026-03-31;1;CJ_08838_41;Setor2;0;0
41.969.521/0001-39;2026-03-31;1;VG_76046_41;Setor2;0;0
41.969.521/0001-39;2026-03-31;1;VG_76046_41;Setor3;0;0
41.969.521/0001-39;2026-03-31;1;VG_76046_41;SetorN;0;0
41.969.521/0001-39;2026-03-31;1;VG_76047_41;Setor1;0;0
41.969.521/0001-39;2026-03-31;1;VG_76047_41;Setor2;0;0
41.969.521/0001-39;2026-03-31;1;VG_76047_41;Setor3;0;0
41.969.521/0001-39;2026-03-31;1;CJ_08838_41;Setor1;0;0
41.969.521/0001-39;2026-03-31;1;CJ_08837_41;SetorN;0;0
41.969.521/0001-39;2026-03-31;1;CJ_08837_41;Setor3;0;0
41.969.521/0001-39;2026-03-31;1;VG_76047_41;SetorN;0;0
41.969.521/0001-39;2026-03-31;1;CJ_08835_41;Setor1;0;0
41.969.521/0001-39;2026-03-31;1;CJ_08837_41;Setor2;0;0
42.432.327/0001-82;2026-03-31;1;Edição Jardins;SetorN;0;0
42.432.327/0001-82;2026-03-31;1;Edição Jardins;Setor3;0;0
42.432.327/0001-82;2026-03-31;1;Edição Jardins;Setor2;0;0
42.432.327/0001-82;2026-03-31;1;Edição Jardins;Setor1;0;0
42.432.327/0001-82;2026-03-31;1;Edição Jardins;SetorN;0;0
42.432.327/0001-82;2026-03-31;1;Edição Jardins;Setor3;0;0
42.432.327/0001-82;2026-03-31;1;Edição Jardins;Setor2;0;0
42.432.327/0001-82;2026-03-31;1;Edição Jardins;Setor1;0;0
42.432.327/0001-82;2026-03-31;1;Edição Jardins;SetorN;0;0
42.432.327/0001-82;2026-03-31;1;Edição Jardins;Setor3;0;0
42.432.327/0001-82;2026-03-31;1;Edição Jardins;Setor2;0;0
42.432.327/0001-82;2026-03-31;1;Edição Jardins;Setor1;0;0
42.432.327/0001-82;2026-03-31;1;Imóvel Clarion;SetorN;0;0
42.432.327/0001-82;2026-03-31;1;Imóvel Clarion;Setor3;0;0
42.432.327/0001-82;2026-03-31;1;Imóvel Clarion;Setor2;0;0
42.432.327/0001-82;2026-03-31;1;Imóvel Clarion;Setor1;0;0
42.432.327/0001-82;2026-03-31;1;Imovel Dialogo;SetorN;0;0
42.432.327/0001-82;2026-03-31;1;Imovel Dialogo;Setor3;0;0
42.432.327/0001-82;2026-03-31;1;Imovel Dialogo;Setor2;0;0
42.432.327/0001-82;2026-03-31;1;Imovel Dialogo;Setor1;0;0
43.101.312/0001-02;2026-03-31;1;EDÍFICIO MANSÃO RONCALLI;Setor1;0;0
43.101.312/0001-02;2026-03-31;1;EDÍFICIO MANSÃO RONCALLI;Setor2;0;0
43.101.312/0001-02;2026-03-31;1;EDÍFICIO MANSÃO RONCALLI;Setor3;0;0
43.101.312/0001-02;2026-03-31;1;EDÍFICIO MANSÃO RONCALLI;SetorN;0;0
43.617.702/0001-21;2026-03-31;1;REGENTSPARK  - CONJUNTO 41;COMERCIAL;0;0
43.617.702/0001-21;2026-03-31;1;REGENTSPARK  - CONJUNTO 42;COMERCIAL;0;0
43.617.702/0001-21;2026-03-31;1;EDIFICIO COMERCIAL MARIA SANTOS 52;COMERCIAL;0;0
43.617.702/0001-21;2026-03-31;1;EDIFICIO COMERCIAL MARIA SANTOS 51;COMERCIAL;0;0
43.617.702/0001-21;2026-03-31;1;REGENTSPARK  - CONJUNTO 51;COMERCIAL;0;0
43.617.702/0001-21;2026-03-31;1;REGENTSPARK  - CONJUNTO 11;COMERCIAL;0;0
43.617.702/0001-21;2026-03-31;1;REGENTSPARK  - CONJUNTO 132;COMERCIAL;0;0
43.617.702/0001-21;2026-03-31;1;REGENTSPARK  - CONJUNTO 121;COMERCIAL;0;0
43.617.702/0001-21;2026-03-31;1;REGENTSPARK  - CONJUNTO 92;COMERCIAL;0;0
43.617.702/0001-21;2026-03-31;1;REGENTSPARK  - CONJUNTO 82;COMERCIAL;0;0
43.617.702/0001-21;2026-03-31;1;REGENTSPARK  - CONJUNTO 131;COMERCIAL;0;0
44.584.965/0001-44;2026-03-31;1;SALA 31;Setor2;0;0
44.584.965/0001-44;2026-03-31;1;SALA 31;Setor3;0;0
44.584.965/0001-44;2026-03-31;1;SALA 31;SetorN;0;0
44.584.965/0001-44;2026-03-31;1;SALA 32;Setor1;0;0
44.584.965/0001-44;2026-03-31;1;SALA 32;Setor2;0;0
44.584.965/0001-44;2026-03-31;1;SALA 32;Setor3;0;0
44.584.965/0001-44;2026-03-31;1;SALA 32;SetorN;0;0
44.584.965/0001-44;2026-03-31;1;AYME;Setor3;0;0
44.584.965/0001-44;2026-03-31;1;AYME;SetorN;0;0
44.584.965/0001-44;2026-03-31;1;BIARRITZ;Setor1;0;0
44.584.965/0001-44;2026-03-31;1;BIARRITZ;Setor2;0;0
44.584.965/0001-44;2026-03-31;1;BIARRITZ;Setor3;0;0
44.584.965/0001-44;2026-03-31;1;BIARRITZ;SetorN;0;0
44.584.965/0001-44;2026-03-31;1;Carangatatuba;Setor1;0;0
44.584.965/0001-44;2026-03-31;1;Carangatatuba;Setor2;0;0
44.584.965/0001-44;2026-03-31;1;AYME;Setor2;0;0
44.584.965/0001-44;2026-03-31;1;Carangatatuba;Setor3;0;0
44.584.965/0001-44;2026-03-31;1;Carangatatuba;SetorN;0;0
44.584.965/0001-44;2026-03-31;1;SALA 31;Setor1;0;0
44.584.965/0001-44;2026-03-31;1;SALA 33;Setor1;0;0
44.584.965/0001-44;2026-03-31;1;SALA 33;Setor2;0;0
44.584.965/0001-44;2026-03-31;1;SALA 33;Setor3;0;0
44.584.965/0001-44;2026-03-31;1;SALA 33;SetorN;0;0
44.584.965/0001-44;2026-03-31;1;SALA 34;Setor1;0;0
44.584.965/0001-44;2026-03-31;1;SALA 34;Setor2;0;0
44.584.965/0001-44;2026-03-31;1;AYME;Setor1;0;0
44.584.965/0001-44;2026-03-31;1;SALA 34;Setor3;0;0
44.584.965/0001-44;2026-03-31;1;SALA 34;SetorN;0;0
44.584.965/0001-44;2026-03-31;1;SALA 35;Setor1;0;0
44.584.965/0001-44;2026-03-31;1;SALA 35;Setor2;0;0
44.584.965/0001-44;2026-03-31;1;SALA 35;Setor3;0;0
44.584.965/0001-44;2026-03-31;1;SALA 35;SetorN;0;0
44.584.965/0001-44;2026-03-31;1;SALA 36;Setor1;0;0
44.584.965/0001-44;2026-03-31;1;SALA 36;Setor2;0;0
44.584.965/0001-44;2026-03-31;1;SALA 36;Setor3;0;0
44.584.965/0001-44;2026-03-31;1;SALA 36;SetorN;0;0
44.585.121/0001-18;2026-03-31;1;3.918 PRÉDIO INDL;Móveis;0;0
44.680.449/0001-13;2026-03-31;1;Imóvel N° 81.892;Setor1;0;0
44.680.449/0001-13;2026-03-31;1;Imóvel N° 81.892;Setor2;0;0
44.680.449/0001-13;2026-03-31;1;Imóvel N° 81.892;Setor3;0;0
44.680.449/0001-13;2026-03-31;1;Imóvel N° 81.892;SetorN;0;0
45.254.732/0001-46;2026-03-31;1;IMOVEL II DELUX;SetorN;0;0
45.254.732/0001-46;2026-03-31;1;IMOVEL II DELUX;Setor3;0;0
45.254.732/0001-46;2026-03-31;1;IMOVEL II DELUX;Setor2;0;0
45.254.732/0001-46;2026-03-31;1;IMOVEL II DELUX;Setor1;0;0
45.254.732/0001-46;2026-03-31;1;IMOVEL I FAZENDA N. SR SOCORRO;Setor1;0;0
45.254.732/0001-46;2026-03-31;1;IMOVEL I FAZENDA N. SR SOCORRO;Setor2;0;0
45.254.732/0001-46;2026-03-31;1;IMOVEL I FAZENDA N. SR SOCORRO;Setor3;0;0
45.254.732/0001-46;2026-03-31;1;IMOVEL I FAZENDA N. SR SOCORRO;SetorN;0;0
46.965.606/0001-62;2026-03-31;1;IMÓVEL TUPYNAMBÁS;SetorN;0;0
46.965.606/0001-62;2026-03-31;1;IMÓVEL TUPYNAMBÁS;Setor3;0;0
46.965.606/0001-62;2026-03-31;1;IMÓVEL TUPYNAMBÁS;Setor2;0;0
46.965.606/0001-62;2026-03-31;1;IMÓVEL TUPYNAMBÁS;Setor1;0;0
47.669.336/0001-05;2026-03-31;1;ALPHAVILLE G;Setor1;0;0
47.669.336/0001-05;2026-03-31;1;ALPHAVILLE G;Setor2;0;0
47.669.336/0001-05;2026-03-31;1;ALPHAVILLE G;Setor3;0;0
47.669.336/0001-05;2026-03-31;1;ALPHAVILLE G;SetorN;0;0
47.669.336/0001-05;2026-03-31;1;ECO RESIDENC;Setor1;0;0
47.669.336/0001-05;2026-03-31;1;ECO RESIDENC;Setor2;0;0
47.669.336/0001-05;2026-03-31;1;ECO RESIDENC;Setor3;0;0
47.669.336/0001-05;2026-03-31;1;ECO RESIDENC;SetorN;0;0
47.669.336/0001-05;2026-03-31;1;Ed vita;Setor1;0;0
47.669.336/0001-05;2026-03-31;1;Ed vita;Setor2;0;0
47.669.336/0001-05;2026-03-31;1;Ed vita;Setor3;0;0
47.669.336/0001-05;2026-03-31;1;Ed vita;SetorN;0;0
47.669.336/0001-05;2026-03-31;1;AP NEO SUPER;Serviços;1;0.4101
47.669.336/0001-05;2026-03-31;1;AP NEO SUPER;Setor2;0;0
47.669.336/0001-05;2026-03-31;1;AP NEO SUPER;Setor3;0;0
47.669.336/0001-05;2026-03-31;1;AP NEO SUPER;SetorN;0;0
47.669.336/0001-05;2026-03-31;1;AP NEO SUPER;Setor1;0;0
47.669.336/0001-05;2026-03-31;1;AP NEO SUPER;Setor2;0;0
47.669.336/0001-05;2026-03-31;1;AP NEO SUPER;Setor3;0;0
47.669.336/0001-05;2026-03-31;1;AP NEO SUPER;SetorN;0;0
47.669.336/0001-05;2026-03-31;1;VAGA GARAGEM;Setor1;0;0
47.669.336/0001-05;2026-03-31;1;VAGA GARAGEM;Setor2;0;0
47.669.336/0001-05;2026-03-31;1;VAGA GARAGEM;Setor3;0;0
47.669.336/0001-05;2026-03-31;1;VAGA GARAGEM;SetorN;0;0
47.669.336/0001-05;2026-03-31;1;Torre alpha;Setor1;0;0
47.669.336/0001-05;2026-03-31;1;Torre alpha;Setor2;0;0
47.669.336/0001-05;2026-03-31;1;Torre alpha;Setor3;0;0
47.669.336/0001-05;2026-03-31;1;Torre alpha;SetorN;0;0
47.669.336/0001-05;2026-03-31;1;Marina;Setor1;0;0
47.669.336/0001-05;2026-03-31;1;Marina;Setor2;0;0
47.669.336/0001-05;2026-03-31;1;41.752 Vaga garage;SetorN;0;0
47.669.336/0001-05;2026-03-31;1;41.752 Vaga garage;Setor3;0;0
47.669.336/0001-05;2026-03-31;1;41.752 Vaga garage;Setor2;0;0
47.669.336/0001-05;2026-03-31;1;41.752 Vaga garage;Setor1;0;0
47.669.336/0001-05;2026-03-31;1;41.752 Vaga garage;SetorN;0;0
47.669.336/0001-05;2026-03-31;1;41.752 Vaga garage;Setor3;0;0
47.669.336/0001-05;2026-03-31;1;41.752 Vaga garage;Setor2;0;0
47.669.336/0001-05;2026-03-31;1;41.752 Vaga garage;Setor1;0;0
47.669.336/0001-05;2026-03-31;1;41.751 Vaga garage;SetorN;0;0
47.669.336/0001-05;2026-03-31;1;41.751 Vaga garage;Setor3;0;0
47.669.336/0001-05;2026-03-31;1;41.751 Vaga garage;Setor2;0;0
47.669.336/0001-05;2026-03-31;1;41.751 Vaga garage;Setor1;0;0
47.669.336/0001-05;2026-03-31;1;41.750 Vaga garage;SetorN;0;0
47.669.336/0001-05;2026-03-31;1;41.750 Vaga garage;Setor3;0;0
47.669.336/0001-05;2026-03-31;1;41.750 Vaga garage;Setor2;0;0
47.669.336/0001-05;2026-03-31;1;41.750 Vaga garage;Setor1;0;0
47.669.336/0001-05;2026-03-31;1;41.749 Vaga garage;SetorN;0;0
47.669.336/0001-05;2026-03-31;1;41.749 Vaga garage;Setor3;0;0
47.669.336/0001-05;2026-03-31;1;41.749 Vaga garage;Setor2;0;0
47.669.336/0001-05;2026-03-31;1;41.749 Vaga garage;Setor1;0;0
47.669.336/0001-05;2026-03-31;1;41.748 Vaga garage;SetorN;0;0
47.669.336/0001-05;2026-03-31;1;41.748 Vaga garage;Setor3;0;0
47.669.336/0001-05;2026-03-31;1;41.748 Vaga garage;Setor2;0;0
47.669.336/0001-05;2026-03-31;1;41.748 Vaga garage;Setor1;0;0
47.669.336/0001-05;2026-03-31;1;41.245 Vaga garage;SetorN;0;0
47.669.336/0001-05;2026-03-31;1;41.245 Vaga garage;Setor3;0;0
47.669.336/0001-05;2026-03-31;1;41.245 Vaga garage;Setor2;0;0
47.669.336/0001-05;2026-03-31;1;41.245 Vaga garage;Setor1;0;0
47.669.336/0001-05;2026-03-31;1;Marina;SetorN;0;0
47.669.336/0001-05;2026-03-31;1;Marina;Setor3;0;0
48.373.413/0001-48;2026-03-31;1;LOTE DE TERRAS, SOB O Nº 77;Setor1;0;0
48.373.413/0001-48;2026-03-31;1;LOTE DE TERRAS, SOB O Nº 77;Setor2;0;0
48.373.413/0001-48;2026-03-31;1;LOTE DE TERRAS, SOB O Nº 77;Setor3;0;0
48.373.413/0001-48;2026-03-31;1;LOTE DE TERRAS, SOB O Nº 77;SetorN;0;0
50.375.550/0001-63;2026-03-31;1;APT 111 DUPLEX;Setor1;0;0
50.375.550/0001-63;2026-03-31;1;APT 111 DUPLEX;Setor2;0;0
50.375.550/0001-63;2026-03-31;1;APT 111 DUPLEX;Setor3;0;0
50.375.550/0001-63;2026-03-31;1;APT 111 DUPLEX;SetorN;0;0
50.375.550/0001-63;2026-03-31;1;APTO PRAIA GRANDE;Setor1;0;0
50.375.550/0001-63;2026-03-31;1;APTO PRAIA GRANDE;Setor2;0;0
50.375.550/0001-63;2026-03-31;1;APTO PRAIA GRANDE;Setor3;0;0
50.375.550/0001-63;2026-03-31;1;APTO PRAIA GRANDE;SetorN;0;0
50.375.550/0001-63;2026-03-31;1;APTO CAFÉ 11;Setor1;0;0
50.375.550/0001-63;2026-03-31;1;APTO CAFÉ 11;Setor2;0;0
50.375.550/0001-63;2026-03-31;1;APTO CAFÉ 11;Setor3;0;0
50.375.550/0001-63;2026-03-31;1;APTO CAFÉ 11;SetorN;0;0
50.375.550/0001-63;2026-03-31;1;EDIFICIO BARÃO CAFÉ 81;Setor1;0;0
50.375.550/0001-63;2026-03-31;1;EDIFICIO BARÃO CAFÉ 81;Setor2;0;0
50.375.550/0001-63;2026-03-31;1;EDIFICIO BARÃO CAFÉ 81;Setor3;0;0
50.375.550/0001-63;2026-03-31;1;EDIFICIO BARÃO CAFÉ 81;SetorN;0;0
50.375.550/0001-63;2026-03-31;1;APTO ALTO DE PIRACICABA;Setor1;0;0
50.375.550/0001-63;2026-03-31;1;APTO ALTO DE PIRACICABA;Setor2;0;0
50.375.550/0001-63;2026-03-31;1;APTO ALTO DE PIRACICABA;Setor3;0;0
50.375.550/0001-63;2026-03-31;1;APTO ALTO DE PIRACICABA;SetorN;0;0
50.957.247/0001-79;2026-03-31;1;MARECHAL_+G46:Q46LUZ_1100;Setor1;0;0
50.957.247/0001-79;2026-03-31;1;LA SALLE;SetorN;0;0
50.957.247/0001-79;2026-03-31;1;LA SALLE;Setor3;0;0
50.957.247/0001-79;2026-03-31;1;LA SALLE;Setor2;0;0
50.957.247/0001-79;2026-03-31;1;LA SALLE;Setor1;0;0
50.957.247/0001-79;2026-03-31;1;GETULIO VARGAS;SetorN;0;0
50.957.247/0001-79;2026-03-31;1;GETULIO VARGAS;Setor3;0;0
50.957.247/0001-79;2026-03-31;1;GETULIO VARGAS;Setor2;0;0
50.957.247/0001-79;2026-03-31;1;GETULIO VARGAS;Setor1;0;0
50.957.247/0001-79;2026-03-31;1;GARIBALDI TERRENO;SetorN;0;0
50.957.247/0001-79;2026-03-31;1;GARIBALDI TERRENO;Setor3;0;0
50.957.247/0001-79;2026-03-31;1;GARIBALDI TERRENO;Setor2;0;0
50.957.247/0001-79;2026-03-31;1;GARIBALDI TERRENO;Setor1;0;0
50.957.247/0001-79;2026-03-31;1;DARCI_BUBLITZ_69;SetorN;0;0
50.957.247/0001-79;2026-03-31;1;DARCI_BUBLITZ_69;Setor3;0;0
50.957.247/0001-79;2026-03-31;1;DARCI_BUBLITZ_69;Setor2;0;0
50.957.247/0001-79;2026-03-31;1;DARCI_BUBLITZ_69;Setor1;0;0
50.957.247/0001-79;2026-03-31;1;CAMPO DE SANTANA;SetorN;0;0
50.957.247/0001-79;2026-03-31;1;CAMPO DE SANTANA;Setor3;0;0
50.957.247/0001-79;2026-03-31;1;CAMPO DE SANTANA;Setor2;0;0
50.957.247/0001-79;2026-03-31;1;CAMPO DE SANTANA;Setor1;0;0
50.957.247/0001-79;2026-03-31;1;MARECHAL_+G46:Q46LUZ_1100;Setor2;0;0
50.957.247/0001-79;2026-03-31;1;MARECHAL_+G46:Q46LUZ_1100;Setor3;0;0
50.957.247/0001-79;2026-03-31;1;MARECHAL_+G46:Q46LUZ_1100;SetorN;0;0
50.957.247/0001-79;2026-03-31;1;MONSENHOR_GERCINO_4248;Setor1;0;0
50.957.247/0001-79;2026-03-31;1;MONSENHOR_GERCINO_4248;Setor2;0;0
50.957.247/0001-79;2026-03-31;1;MONSENHOR_GERCINO_4248;Setor3;0;0
50.957.247/0001-79;2026-03-31;1;MONSENHOR_GERCINO_4248;SetorN;0;0
50.957.247/0001-79;2026-03-31;1;RODOVIA_280;Setor1;0;0
50.957.247/0001-79;2026-03-31;1;RODOVIA_280;Setor2;0;0
50.957.247/0001-79;2026-03-31;1;RODOVIA_280;Setor3;0;0
50.957.247/0001-79;2026-03-31;1;RODOVIA_280;SetorN;0;0
50.957.247/0001-79;2026-03-31;1;SÃO BENTO DO SUL;Setor1;0;0
50.957.247/0001-79;2026-03-31;1;SÃO BENTO DO SUL;Setor2;0;0
50.957.247/0001-79;2026-03-31;1;SÃO BENTO DO SUL;Setor3;0;0
50.957.247/0001-79;2026-03-31;1;SÃO BENTO DO SUL;SetorN;0;0
50.957.247/0001-79;2026-03-31;1;WALDEMIRO_JOSE_BORGE_740;Setor1;0;0
50.957.247/0001-79;2026-03-31;1;WALDEMIRO_JOSE_BORGE_740;Setor2;0;0
50.957.247/0001-79;2026-03-31;1;WALDEMIRO_JOSE_BORGE_740;Setor3;0;0
50.957.247/0001-79;2026-03-31;1;WALDEMIRO_JOSE_BORGE_740;SetorN;0;0
50.957.247/0001-79;2026-03-31;1;PRÉDIO COMERCIAL - BRASÍLIA;Setor1;0;0
50.957.247/0001-79;2026-03-31;1;PRÉDIO COMERCIAL - BRASÍLIA;Setor2;0;0
50.957.247/0001-79;2026-03-31;1;PRÉDIO COMERCIAL - BRASÍLIA;Setor3;0;0
50.957.247/0001-79;2026-03-31;1;PRÉDIO COMERCIAL - BRASÍLIA;SetorN;0;0
51.303.221/0001-70;2026-03-31;1;caçu;SetorN;0;0
51.303.221/0001-70;2026-03-31;1;caçu;Setor3;0;0
51.303.221/0001-70;2026-03-31;1;caçu;Setor2;0;0
51.303.221/0001-70;2026-03-31;1;caçu;Setor1;0;0
51.303.221/0001-70;2026-03-31;1;Frutal;SetorN;0;0
51.303.221/0001-70;2026-03-31;1;Frutal;Setor3;0;0
51.303.221/0001-70;2026-03-31;1;Frutal;Setor2;0;0
51.303.221/0001-70;2026-03-31;1;Frutal;Setor1;0;0
51.303.221/0001-70;2026-03-31;1;São José Rio Preto;SetorN;0;0
51.303.221/0001-70;2026-03-31;1;São José Rio Preto;Setor3;0;0
51.303.221/0001-70;2026-03-31;1;São José Rio Preto;Setor2;0;0
51.303.221/0001-70;2026-03-31;1;São José Rio Preto;Setor1;0;0
51.889.479/0001-08;2026-03-31;1;CANOAS Finkler - mat. 23.955;Setor1;0;0
51.889.479/0001-08;2026-03-31;1;CANOAS Finkler - mat. 23.955;Setor2;0;0
51.889.479/0001-08;2026-03-31;1;CANOAS Finkler - mat. 23.955;Setor3;0;0
51.889.479/0001-08;2026-03-31;1;CANOAS Finkler - mat. 23.955;SetorN;0;0
51.889.479/0001-08;2026-03-31;1;CANOAS Klopsh- mat. 39.823;Setor1;0;0
51.889.479/0001-08;2026-03-31;1;CANOAS Klopsh- mat. 39.823;Setor2;0;0
51.889.479/0001-08;2026-03-31;1;CANOAS Klopsh- mat. 39.823;Setor3;0;0
51.889.479/0001-08;2026-03-31;1;CANOAS Klopsh- mat. 39.823;SetorN;0;0
51.889.479/0001-08;2026-03-31;1;VENANCIO AIRES - mat. 55.026;Setor1;0;0
51.889.479/0001-08;2026-03-31;1;VENANCIO AIRES - mat. 55.026;Setor2;0;0
51.889.479/0001-08;2026-03-31;1;VENANCIO AIRES - mat. 55.026;Setor3;0;0
51.889.479/0001-08;2026-03-31;1;VENANCIO AIRES - mat. 55.026;SetorN;0;0
51.889.479/0001-08;2026-03-31;1;ERECHIM - Mat. 10.897;Setor1;0;0
51.889.479/0001-08;2026-03-31;1;ERECHIM - Mat. 10.897;Setor2;0;0
51.889.479/0001-08;2026-03-31;1;ERECHIM - Mat. 10.897;Setor3;0;0
51.889.479/0001-08;2026-03-31;1;ERECHIM - Mat. 10.897;SetorN;0;0
51.889.479/0001-08;2026-03-31;1;ERECHIM - Mat.10.898;Setor1;0;0
51.889.479/0001-08;2026-03-31;1;ERECHIM - Mat.10.898;Setor2;0;0
51.889.479/0001-08;2026-03-31;1;ERECHIM - Mat.10.898;Setor3;0;0
51.889.479/0001-08;2026-03-31;1;ERECHIM - Mat.10.898;SetorN;0;0
51.889.479/0001-08;2026-03-31;1;Imovel ALVORADA;Setor1;0;0
51.889.479/0001-08;2026-03-31;1;Imovel ALVORADA;Setor2;0;0
51.889.479/0001-08;2026-03-31;1;Imovel ALVORADA;Setor3;0;0
51.889.479/0001-08;2026-03-31;1;Imovel ALVORADA;SetorN;0;0
52.356.865/0001-99;2026-03-31;1;IMÓVEL JARAGUÁ DO SUL;SetorN;0;0
52.356.865/0001-99;2026-03-31;1;IMÓVEL JARAGUÁ DO SUL;Setor3;0;0
52.356.865/0001-99;2026-03-31;1;IMÓVEL JARAGUÁ DO SUL;Setor2;0;0
52.356.865/0001-99;2026-03-31;1;IMÓVEL JARAGUÁ DO SUL;Setor1;1;0.5807
52.366.833/0001-74;2026-03-31;1;Fazenda São Sebastião;Setor1;0;0
52.366.833/0001-74;2026-03-31;1;Fazenda São Sebastião;Setor2;0;0
52.366.833/0001-74;2026-03-31;1;Fazenda São Sebastião;Setor3;0;0
52.366.833/0001-74;2026-03-31;1;Fazenda São Sebastião;SetorN;0;0
52.366.833/0001-74;2026-03-31;1;Sítio Pindobal;Setor1;0;0
52.366.833/0001-74;2026-03-31;1;Sítio Pindobal;Setor2;0;0
52.366.833/0001-74;2026-03-31;1;Sítio Pindobal;Setor3;0;0
52.366.833/0001-74;2026-03-31;1;Sítio Pindobal;SetorN;0;0
52.366.833/0001-74;2026-03-31;1;Area 8;Setor1;0;0
52.366.833/0001-74;2026-03-31;1;Area 8;Setor2;0;0
52.366.833/0001-74;2026-03-31;1;Area 8;Setor3;0;0
52.366.833/0001-74;2026-03-31;1;Area 8;SetorN;0;0
52.366.833/0001-74;2026-03-31;1;Cova da Onça;Setor1;0;0
52.366.833/0001-74;2026-03-31;1;Cova da Onça;Setor2;0;0
52.366.833/0001-74;2026-03-31;1;Cova da Onça;Setor3;0;0
52.366.833/0001-74;2026-03-31;1;Cova da Onça;SetorN;0;0
52.366.833/0001-74;2026-03-31;1;PLAZA MARICA;Setor1;0;0
52.366.833/0001-74;2026-03-31;1;PLAZA MARICA;Setor2;0;0
52.366.833/0001-74;2026-03-31;1;PLAZA MARICA;Setor3;0;0
52.366.833/0001-74;2026-03-31;1;PLAZA MARICA;SetorN;0;0
54.417.489/0001-20;2026-03-31;1;FAZENDA SERVPLAN;Setor3;0;0
54.417.489/0001-20;2026-03-31;1;FAZENDA SERVPLAN;Setor2;0;0
54.417.489/0001-20;2026-03-31;1;FAZENDA SERVPLAN;Setor1;0;0
54.417.489/0001-20;2026-03-31;1;FAZENDA NOSSA SENHORA APARECIDA;SetorN;0;0
54.417.489/0001-20;2026-03-31;1;FAZENDA SERVPLAN;SetorN;0;0
54.417.489/0001-20;2026-03-31;1;FAZENDA NOSSA SENHORA APARECIDA;Setor3;0;0
54.417.489/0001-20;2026-03-31;1;FAZENDA NOSSA SENHORA APARECIDA;Setor2;0;0
54.417.489/0001-20;2026-03-31;1;FAZENDA NOSSA SENHORA APARECIDA;Setor1;0;0
54.419.040/0001-00;2026-03-31;1;Napoleão sel;SetorN;0;0
54.419.040/0001-00;2026-03-31;1;Napoleão sel;Setor3;0;0
54.419.040/0001-00;2026-03-31;1;Napoleão sel;Setor2;0;0
54.419.040/0001-00;2026-03-31;1;Napoleão sel;Setor1;0;0
54.419.040/0001-00;2026-03-31;1;VILLAGE;SetorN;0;0
54.419.040/0001-00;2026-03-31;1;VILLAGE;Setor3;0;0
54.419.040/0001-00;2026-03-31;1;VILLAGE;Setor2;0;0
54.419.040/0001-00;2026-03-31;1;VILLAGE;Setor1;0;0
54.419.040/0001-00;2026-03-31;1;CASA EDEN;SetorN;0;0
54.419.040/0001-00;2026-03-31;1;CASA EDEN;Setor3;0;0
54.419.040/0001-00;2026-03-31;1;CASA EDEN;Setor2;0;0
54.419.040/0001-00;2026-03-31;1;CASA EDEN;Setor1;0;0
54.419.040/0001-00;2026-03-31;1;BOTANICO;SetorN;0;0
54.419.040/0001-00;2026-03-31;1;BOTANICO;Setor3;0;0
54.419.040/0001-00;2026-03-31;1;BOTANICO;Setor2;0;0
54.419.040/0001-00;2026-03-31;1;BOTANICO;Setor1;0;0
54.419.040/0001-00;2026-03-31;1;DHAMA 16-N;SetorN;0;0
54.419.040/0001-00;2026-03-31;1;DHAMA 16-N;Setor3;0;0
54.419.040/0001-00;2026-03-31;1;DHAMA 16-N;Setor2;0;0
54.419.040/0001-00;2026-03-31;1;DHAMA 16-N;Setor1;0;0
54.419.040/0001-00;2026-03-31;1;DAMHA 6J;SetorN;0;0
54.419.040/0001-00;2026-03-31;1;DAMHA 6J;Setor3;0;0
54.419.040/0001-00;2026-03-31;1;DAMHA 6J;Setor2;0;0
54.419.040/0001-00;2026-03-31;1;DAMHA 6J;Setor1;0;0
54.675.539/0001-70;2026-03-31;1;FÁBRICA E ESCRITÓRIO;Setor3;0;0
54.675.539/0001-70;2026-03-31;1;FÁBRICA E ESCRITÓRIO;SetorN;0;0
54.675.539/0001-70;2026-03-31;1;PRÉDIO INDUSTRIAL - 2B;Setor1;0;0
54.675.539/0001-70;2026-03-31;1;PRÉDIO INDUSTRIAL - 2B;Setor2;0;0
54.675.539/0001-70;2026-03-31;1;PRÉDIO INDUSTRIAL - 2B;Setor3;0;0
54.675.539/0001-70;2026-03-31;1;PRÉDIO INDUSTRIAL - 2B;SetorN;0;0
54.675.539/0001-70;2026-03-31;1;PRÉDIO INDUSTRIAL - 2A;Setor1;0;0
54.675.539/0001-70;2026-03-31;1;PRÉDIO INDUSTRIAL - 2A;Setor2;0;0
54.675.539/0001-70;2026-03-31;1;PRÉDIO INDUSTRIAL - 2A;Setor3;0;0
54.675.539/0001-70;2026-03-31;1;FÁBRICA E ESCRITÓRIO;Setor2;0;0
54.675.539/0001-70;2026-03-31;1;FÁBRICA E ESCRITÓRIO;Setor1;0;0
54.675.539/0001-70;2026-03-31;1;PRÉDIO INDUSTRIAL - 2A;SetorN;0;0
54.675.539/0001-70;2026-03-31;1;GLEBA DE TERRAS;Setor1;0;0
54.675.539/0001-70;2026-03-31;1;GLEBA DE TERRAS;Setor2;0;0
54.675.539/0001-70;2026-03-31;1;GLEBA DE TERRAS;Setor3;0;0
54.675.539/0001-70;2026-03-31;1;GLEBA DE TERRAS;SetorN;0;0
56.524.816/0001-79;2026-03-31;1;IMOVEL;Setor3;0;0
56.524.816/0001-79;2026-03-31;1;IMOVEL;SetorN;0;0
56.524.816/0001-79;2026-03-31;1;IMOVEL;Setor2;0;0
56.524.816/0001-79;2026-03-31;1;IMOVEL;Setor1;0;0
56.524.816/0001-79;2026-03-31;1;PREDIO;SetorN;0;0
56.524.816/0001-79;2026-03-31;1;PREDIO;Setor3;0;0
56.524.816/0001-79;2026-03-31;1;PREDIO;Setor2;0;0
56.524.816/0001-79;2026-03-31;1;PREDIO;Setor1;0;0
56.524.816/0001-79;2026-03-31;1;GALPÃO;SetorN;0;0
56.524.816/0001-79;2026-03-31;1;GALPÃO;Setor3;0;0
56.524.816/0001-79;2026-03-31;1;GALPÃO;Setor2;0;0
56.524.816/0001-79;2026-03-31;1;GALPÃO;Setor1;0;0
57.231.494/0001-32;2026-03-31;1;Edifício Esmeralda;EMBALAGENS;0;0
57.231.494/0001-32;2026-03-31;1;Edifício Da Vinci;AERONAUTICA;0;0
57.231.494/0001-32;2026-03-31;1;Edifício Ametista;TECNOLOGIA;0;0
57.231.494/0001-32;2026-03-31;1;Edifício Bach;AUTOMOTIVO;0;0
57.231.494/0001-32;2026-03-31;1;Edifício Wagner;AUTOMOTIVO;0;0
57.231.494/0001-32;2026-03-31;1;Edifício Matisse;AUTOMOTIVO;0;0
57.231.494/0001-32;2026-03-31;1;Edifício Camões;INDUSTRIA;0;0
59.139.645/0001-52;2026-03-31;1;MATRICULAS 100.707 e 100.708;SetorN;0;0
59.139.645/0001-52;2026-03-31;1;MATRICULAS 100.707 e 100.708;Setor3;0;0
59.139.645/0001-52;2026-03-31;1;MATRICULAS 100.707 e 100.708;Setor2;0;0
59.139.645/0001-52;2026-03-31;1;MATRICULAS 100.707 e 100.708;Setor1;0;0
59.139.645/0001-52;2026-03-31;1;Matricula: 42.910;SetorN;0;0
59.139.645/0001-52;2026-03-31;1;Matricula: 42.910;Setor3;0;0
59.139.645/0001-52;2026-03-31;1;Matricula: 42.910;Setor2;0;0
59.139.645/0001-52;2026-03-31;1;Matricula: 42.910;Setor1;0;0
59.139.645/0001-52;2026-03-31;1;Matrículas de n.º 130.396 130.296  130.237 e 130;SetorN;0;0
59.139.645/0001-52;2026-03-31;1;Matrículas de n.º 130.396 130.296  130.237 e 130;Setor3;0;0
59.139.645/0001-52;2026-03-31;1;Matrículas de n.º 130.396 130.296  130.237 e 130;Setor2;0;0
59.139.645/0001-52;2026-03-31;1;Matrículas de n.º 130.396 130.296  130.237 e 130;Setor1;0;0
59.269.477/0001-10;2026-03-31;1;SÍTIO LEME - "PRAINHA";Setor1;0;0
59.269.477/0001-10;2026-03-31;1;GLEBA LEME - SÍTIO "ÁGUA ESPRAIADA ESCOLA";SetorN;0;0
59.269.477/0001-10;2026-03-31;1;GLEBA LEME - SÍTIO "ÁGUA ESPRAIADA ESCOLA";Setor3;0;0
59.269.477/0001-10;2026-03-31;1;GLEBA LEME - SÍTIO "ÁGUA ESPRAIADA ESCOLA";Setor2;0;0
59.269.477/0001-10;2026-03-31;1;GLEBA LEME - SÍTIO "ÁGUA ESPRAIADA ESCOLA";Setor1;0;0
59.269.477/0001-10;2026-03-31;1;SÍTIO LEME - "PRAINHA";Setor2;0;0
59.269.477/0001-10;2026-03-31;1;SÍTIO LEME - "PRAINHA";Setor3;0;0
59.269.477/0001-10;2026-03-31;1;SÍTIO LEME - "PRAINHA";SetorN;0;0
59.269.477/0001-10;2026-03-31;1;FAZENDA CRUZEIRO;Setor1;0;0
59.269.477/0001-10;2026-03-31;1;FAZENDA CRUZEIRO;Setor2;0;0
59.269.477/0001-10;2026-03-31;1;FAZENDA CRUZEIRO;Setor3;0;0
59.269.477/0001-10;2026-03-31;1;FAZENDA CRUZEIRO;SetorN;0;0
62.385.601/0001-17;2026-03-31;1;CCV_LOJA 02 EDIFÍCIO VECHI;Setor1;0;0
62.385.601/0001-17;2026-03-31;1;CCV_LOJA 02 EDIFÍCIO VECHI;Setor2;0;0
62.385.601/0001-17;2026-03-31;1;CCV_LOJA 02 EDIFÍCIO VECHI;Setor3;0;0
62.385.601/0001-17;2026-03-31;1;CCV_LOJA 02 EDIFÍCIO VECHI;SetorN;0;0
62.385.601/0001-17;2026-03-31;1;CCV_PORTO_BELO;SetorN;0;0
62.385.601/0001-17;2026-03-31;1;CCV_PORTO_BELO;Setor3;0;0
62.385.601/0001-17;2026-03-31;1;CCV_PORTO_BELO;Setor2;0;0
62.385.601/0001-17;2026-03-31;1;CCV_PORTO_BELO;Setor1;0;0
62.385.601/0001-17;2026-03-31;1;LEILAOEX IMIGRANTE MELLER;SetorN;0;0
62.385.601/0001-17;2026-03-31;1;LEILAOEX IMIGRANTE MELLER;Setor3;0;0
62.385.601/0001-17;2026-03-31;1;LEILAOEX IMIGRANTE MELLER;Setor2;0;0
62.385.601/0001-17;2026-03-31;1;LEILAOEX IMIGRANTE MELLER;Setor1;0;0
63.249.022/0001-00;2026-03-31;1;Fazenda Ipanema;Setor2;0;0
63.249.022/0001-00;2026-03-31;1;Fazenda Ipanema;Setor1;0;0
63.249.022/0001-00;2026-03-31;1;Fazenda Copacabana;SetorN;0;0
63.249.022/0001-00;2026-03-31;1;Fazenda Copacabana;Setor3;0;0
63.249.022/0001-00;2026-03-31;1;Fazenda Copacabana;Setor2;0;0
63.249.022/0001-00;2026-03-31;1;Fazenda Copacabana;Setor1;0;0
63.249.022/0001-00;2026-03-31;1;Fazenda Bela Aliança;SetorN;0;0
63.249.022/0001-00;2026-03-31;1;Fazenda Bela Aliança;Setor3;0;0
63.249.022/0001-00;2026-03-31;1;Fazenda Bela Aliança;Setor2;0;0
63.249.022/0001-00;2026-03-31;1;Fazenda Bela Aliança;Setor1;0;0
63.249.022/0001-00;2026-03-31;1;Fazenda Leblon;SetorN;0;0
63.249.022/0001-00;2026-03-31;1;Fazenda Leblon;Setor3;0;0
63.249.022/0001-00;2026-03-31;1;Fazenda Ipanema;Setor3;0;0
63.249.022/0001-00;2026-03-31;1;Fazenda Ipanema;SetorN;0;0
63.249.022/0001-00;2026-03-31;1;Fazenda Leblon;Setor2;0;0
63.249.022/0001-00;2026-03-31;1;Fazenda Leblon;Setor1;0;0
63.574.240/0001-10;2026-03-31;1;Terminal Multimodal de Camaçari;Setor1;0;0
63.574.240/0001-10;2026-03-31;1;Terminal Multimodal de Camaçari;Setor2;0;0
63.574.240/0001-10;2026-03-31;1;Terminal Multimodal de Camaçari;Setor3;0;0
63.574.240/0001-10;2026-03-31;1;Terminal Multimodal de Camaçari;SetorN;0;0
63.779.981/0001-37;2026-03-31;1;Fazenda Nossa Senhora Aparecida;Setor1;0;0
63.779.981/0001-37;2026-03-31;1;Fazenda Nossa Senhora Aparecida;Setor2;0;0
63.779.981/0001-37;2026-03-31;1;Fazenda Nossa Senhora Aparecida;Setor3;0;0
63.779.981/0001-37;2026-03-31;1;Fazenda Nossa Senhora Aparecida;SetorN;0;0
64.156.203/0001-54;2026-03-31;1;Fazenda Três Irmãos;Setor1;0;0
64.156.203/0001-54;2026-03-31;1;Fazenda São José;SetorN;0;0
64.156.203/0001-54;2026-03-31;1;Fazenda São José;Setor3;0;0
64.156.203/0001-54;2026-03-31;1;Fazenda São José;Setor2;0;0
64.156.203/0001-54;2026-03-31;1;Fazenda São José;Setor1;0;0
64.156.203/0001-54;2026-03-31;1;Fazenda Três Irmãos;Setor2;0;0
64.156.203/0001-54;2026-03-31;1;Fazenda Três Irmãos;Setor3;0;0
64.156.203/0001-54;2026-03-31;1;Fazenda Três Irmãos;SetorN;0;0
64.156.203/0001-54;2026-03-31;1;Fazenda Itália I;Setor1;0;0
64.156.203/0001-54;2026-03-31;1;Fazenda Itália I;Setor2;0;0
64.156.203/0001-54;2026-03-31;1;Fazenda Itália I;Setor3;0;0
64.156.203/0001-54;2026-03-31;1;Fazenda Itália I;SetorN;0;0
