CNPJ_Fundo_Classe;Data_Referencia;Versao;Nome_Imovel;Endereco;Area;Numero_Unidades;Outras_Caracteristicas_Relevantes;Percentual_Imovel_Total_Investido;Categoria
01.356.517/0001-80;2025-06-30;1;Prédio com terreno;Rua Latife Luvizaro, 133 (parte = 1/3);414;1;prédio com área de estacionamento na frente;0.005324;Renda
08.706.065/0001-69;2025-03-31;1;Ibis São Paulo Morumbi;Avenida Roque Petroni Junior, 800, Sem Complemento, Jardim Das Acacias, Sao Paulo/SP, Brasil, 04707-000;6862.5;227;28/03/2025;0.072245;Renda
08.706.065/0001-69;2025-03-31;1;Novotel Morumbi;Rua Ministro Nelson Hungria, 577, Morumbi, São Paulo/SP, Brasil, 05690-050;2005.37;2;28/03/2025;0.01384;Renda
08.706.065/0001-69;2025-03-31;1;Ibis Budget Morumbi;Avenida Roque Petroni Junior, 800, Sem Complemento, Jardim Das Acacias, Sao Paulo/SP, Brasil, 04707-000;1491.2;31;28/03/2025;0.077402;Renda
13.320.290/0001-00;2025-03-31;1;MAT 6273 - FAZENDA PAU DE COLHER;Rodovia Ba.324 - Km.20, S/n, Zona Rural, Ourolândia, Ourolândia/BA, Brasil, 44718-000;3870443.1;1;Direito de Propriedade;0;Renda
13.320.290/0001-00;2025-06-30;1;MAT 8967 - FAZENDA DIVINA;Zona Rural, S/n, Sem Complemento, Itaguaçu Da Bahia, Itaguaçu Da Bahia/BA, Brasil, 47440-000;4658.12;1;Direito de Propriedade;0.04164690218235;Renda
13.320.290/0001-00;2025-06-30;1;MAT 7226 - FAZENDA MANDIOCA BRAVA;Zona Rural, S/n, Sem Complemento, Itaguaçu Da Bahia, Itaguaçu Da Bahia/BA, Brasil, 47440-000;4733.75;1;Direito de Propriedade;0.04232306648454;Renda
13.320.290/0001-00;2025-06-30;1;MAT 8654 - FAZENDA TEXAS;Zona Rural, S/n, Sem Complemento, Itaguaçu Da Bahia, Itaguaçu Da Bahia/BA, Brasil, 47440-000;9454.76;1;Direito de Propriedade;0.08453216682351;Renda
13.320.290/0001-00;2025-06-30;1;MAT 8653 - FAZENDA SAO SEBASTIAO;Zona Rural, S/n, Sem Complemento, Itaguaçu Da Bahia, Itaguaçu Da Bahia/BA, Brasil, 47440-000;4131.38;1;Direito de Propriedade;0.03693748610838;Renda
13.320.290/0001-00;2025-06-30;1;MAT 7229 - FAZENDA SERTAO VELHO;Zona Rural, S/n, Sem Complemento, Itaguaçu Da Bahia, Itaguaçu Da Bahia/BA, Brasil, 47440-000;3547.32;1;Direito de Propriedade;0.03171551419872;Renda
17.161.979/0001-82;2025-06-30;2;Ed. Concórdia;Alameda Oscar Niemeyer, nº 132, Vale Sereno, Nova Lima - MG;24397;70;Salão, Lj 2, salas 101 201 a 502, 801 a 1102, 49,44% da sl 1501 29,14% da sl 1502, 65,73% da sl 1602, salas 1701 a 3102. Estacion e dep;0.339994;Renda
18.259.637/0001-62;2025-03-31;1;Condominio Edificio Summit Pinheiros;Rua Eugenio De Medeiros, 288, Sem Complemento, Pinheiros, São Paulo/SP, Brasil, 05425-000;1774.51;23;Direito de propriedade;0.41304757156934;Renda
18.259.637/0001-62;2025-03-31;1;Centro Empresarial Mario Garnero;Avenida Brigadeiro Faria Lima, 1485, 8º Andar - Torre Sul, Pinheiros, São Paulo/SP, Brasil, 05426-100;1251.44;5;Direito de propriedade;0.35103359274276;Renda
18.950.957/0001-64;2025-03-31;1;URUGUAIA;Av. Ministro Assis Brasil, 1053 - Joquei Clube, Uruguaiana - RS;22500;1;Nenhuma característica relevante;0.002727;Renda
19.267.845/0001-76;2025-06-30;1;NEBRASKA 2;RUA NEBRASLA, 667;627.28;1;MATRICULA - 286.114;0;Renda
26.452.053/0001-37;2025-06-30;1;IMOVEL SÃO JOSÉ CAMPOS;RUA CORONEL JOSÉ MONTEIRO, 287- CENTRO- SÃO JOSÉ DOS CAMPOS - SP;1218;1;NA;0.0091;Renda
27.538.477/0001-81;2025-06-30;1;126594_27538;Rua Dr. João Francisco Centola Nóbrega, 491 - Ribeirão Preto - SP;56.4;1;Matrícula  126594;0;Renda
28.548.288/0001-52;2025-03-31;1;DRS_ARACAJU - GRUPO MATHEUS;Av. João Rodrigues, 592 - Industrial - Aracaju/SE;31524;1;n/a;0;Renda
28.548.288/0001-52;2025-03-31;1;DRS_ANANINDEUA- GRUPO MATHEUS;Av. Cláudio Saunders, Coqueiro, Ananindeua/PA;7601.92;1;n/a;0;Renda
28.548.288/0001-52;2025-03-31;1;DRS_CARUARU - GRUPO MATHEUS;Av. Portugal - Bairro Universitário - Caruaru/PE;32604;1;n/a;0;Renda
28.548.288/0001-52;2025-03-31;1;DRS_GUARABIRA - GRUPO MATHEUS;Rua Otacílio Lira Cabral, 1300 - Guarabira/PB;56898.85;1;n/a;0;Renda
28.548.288/0001-52;2025-03-31;1;DRS_LEAO DOURADO - GRUPO MATHE;Av. Leão Dourado - Bairro Kennedy - Caruaru/PE;32391.18;1;n/a;0;Renda
28.548.288/0001-52;2025-03-31;1;DRS_MARANHAO- GRUPO MATHEUS;BR-135, km-190, s/n, São Mateus do Maranhão/MA;3734;1;n/a;0;Renda
28.548.288/0001-52;2025-03-31;1;DRS_MARITUBA- GRUPO MATHEUS;Rodovia BR-316, KM 25, S/N, Bairro Parque Verde, Marituba -PA;10291.95;1;n/a;0;Renda
28.548.288/0001-52;2025-03-31;1;DRS_PATOS - GRUPO MATHEUS;Rua Lima Campos, 156 - São Sebastião - Patos/PB;36000;1;n/a;0;Renda
28.548.288/0001-52;2025-03-31;1;DRS_RUSSAS- GRUPO MATHEUS;356, 208 - Vila Ramalho, Russas - CE, 62900-000;8149.08;1;n/a;0;Renda
28.548.288/0001-52;2025-06-30;1;ASSAÍ CALDAS NOVAS - GO;Av. Santo Amaro, 1.697- Solar de Caldas,Caldas Novas/GO;30375.15;1;Direito de propriedade;0;Renda
28.548.288/0001-52;2025-06-30;1;EXTRA VIERA DE MORAES;R. Vieira de Morais, 1597 - Campo Belo;1629;1;Direito de propriedade;0;Renda
28.548.288/0001-52;2025-06-30;1;EXTRA DOMINGO DE MORAES;R. Domingos de Morais, 316 - Vila Mariana, São Paulo;3313;1;Direito de propriedade;0;Renda
28.548.288/0001-52;2025-06-30;1;EXTRA IBIRAREMA;R. Ibirarema, 100 -Bosque da Saúde, São Paulo;1935;1;Direito de propriedade;0;Renda
28.548.288/0001-52;2025-06-30;1;EXTRA CURSINO;Av. do Cursino, 2568 - Bosque da Saúde, São Paulo;2810;1;Direito de propriedade;0;Renda
28.548.288/0001-52;2025-06-30;1;EXTRA NS SABARA;Av. Nossa Sra. do Sabará, 3015;2334;1;Direito de propriedade;0;Renda
28.548.288/0001-52;2025-06-30;1;EXTRA DIADEMA PIRAPORINHA;Praça Bom Jesus de Piraporinha, 435;9286;1;Direito de propriedade;0;Renda
28.548.288/0001-52;2025-06-30;1;COOPERATIVA DE CONSUMO DIADEMA;Av. Fábio Eduardo Ramos Esquivel, 290;1457;1;Direito de propriedade;0;Renda
28.548.288/0001-52;2025-06-30;1;GPA SERAFIM ORLANDI;R. Prof. Serafim Orlandi, 299 - Vila Mariana, São Paulo;13260;1;Direito de propriedade;0;Renda
28.548.288/0001-52;2025-06-30;1;ASSAI DIADEMA PIRAPORINHA;Av. Piraporinha, 1144 - Vila Nogueira;19620.71;1;Direito de propriedade;0;Renda
28.548.288/0001-52;2025-06-30;1;ASSAI TEOTONIO VILELA;Av. Sen. Teotônio Vilela, 2926;107457;1;Direito de propriedade;0;Renda
28.548.288/0001-52;2025-06-30;1;EXTRA ATIBAIA;Av. Prof. Carlos Alberto de Carvalho Pinto, 210;8025;1;Direito de propriedade;0;Renda
28.548.288/0001-52;2025-06-30;1;ASSAI COTIA;R. Prof. José Barreto, 1635 - Vila Santo Antonio do Portao;19518;1;Direito de propriedade;0;Renda
28.548.288/0001-52;2025-06-30;1;DELBONI RICARDO JAFET;R. Rodrigo Vieira, 67 - Jardim Vila Mariana, São Paulo;6290;1;Direito de propriedade;0;Renda
28.737.771/0001-85;2025-03-31;1;Assai - Bangu RJ;Avenida Brasil, 33809, Sem Complemento, Bangu, Rio De Janeiro/RJ, Brasil, 21852-002;34520;1;Direito de propriedade;0.04435068612234;Renda
28.737.771/0001-85;2025-06-30;1;CD Mercado Livre;Rod. Anhanguera, 28, Sem Complemento, Cravinhos, Cravinhos/SP, Brasil, 14140-000;38383.26;1;Não possui informação apresentada.;0.07161211075159;Renda
28.757.546/0001-00;2025-03-31;1;Carioca Shopping;Avenida Vicente De Carvalho, 909, Sem Complemento, Vila Da Penha, Rio De Janeiro/RJ, Brasil, 21210-623;0;1;Não possuem características que destoem dos demais;0.01833149785542;Renda
28.757.546/0001-00;2025-03-31;1;Shopping Tijuca;Avenida Maracana, 987, Sem Complemento, Tijuca, Rio De Janeiro/RJ, Brasil, 20511-000;0;1;Não possuem características que destoem dos demais;0.02215252974217;Renda
28.757.546/0001-00;2025-03-31;1;Shopping Patio Higienopolis;Avenida Higienopolis, 618, Sem Complemento, Higienópolis, São Paulo/SP, Brasil, 01238-001;109253.95;1;Não possuem características que destoem dos demais;0.03051060706221;Renda
30.178.506/0001-56;2025-06-30;1;9408_30178;Rua Dr. José de Salles Macuco, 115 - Presidente Prudente, SP;416.3;1;matrícula 9408;0;Venda
30.567.216/0001-02;2025-03-31;1;Ed. Gold Center;Rua Arizona, 1.426;153.25;1;Conjunto 91, localizado no 9º andar, com área privativa de 153,25m², objeto da Matrícula 126.388 do 15º Registro de Imóveis. Incluidas 4 vagas indeterminadas de garagem, objeto das matrículas: 126.404, 126.405, 126.406 e 126.407  do 15º registro de imóveis.;0.00621260104599889;Renda
30.567.216/0001-02;2025-03-31;1;Ed. Gold Center;Rua Arizona, 1.426;153.25;1;Conjunto 92, localizado no 9º andar, com área privativa de 153,25m², objeto da Matrícula 126.389 do 15º Registro de Imóveis. Incluidas 4 vagas indeterminadas de garagem, objeto das matrículas: 126.408, 126.409, 126.410 e 126.411  do 15º registro de imóveis.;0.00621260104599889;Renda
30.567.216/0001-02;2025-03-31;1;Ed. Gold Center;Rua Arizona, 1.426;152.92;1;Conjunto 101, localizado no 10º andar, com área privativa de 152,92m², objeto da Matrícula 126.390 do 15º Registro de Imóveis. Incluidas 4 vagas indeterminadas de garagem, objeto das matrículas: 126.412, 126.413, 126.414 e 126.415  do 15º registro de imóveis.;0.00638155327591598;Renda
30.567.216/0001-02;2025-03-31;1;Ed. Gold Center;Rua Arizona, 1.426;158.49;1;Conjunto 102, localizado no 10º andar, com área privativa de 158,492m², objeto da Matrícula 126.391 do 15º Registro de Imóveis. Incluidas 4 vagas indeterminadas de garagem, objeto das matrículas: 126.416, 126.417, 126.418 e 126.419  do 15º registro de imóveis.;0.00661399671354836;Renda
30.567.216/0001-02;2025-03-31;1;Ed. Palladio;Rua Fidêncio Ramos, 223;110.89;1;Conjunto 114, localizado no 11º andar, com área privativa de 110,89m², incluidas 3 vagas indeterminadas de garagem, objetos da matrícula: 150.678  do 4º registro de imóveis.;0.00543699466983347;Renda
30.567.216/0001-02;2025-03-31;1;Ed. Ronaldo Sampaio Ferreira;Praça João Duran Alonso, 34;380.785;1;Conjunto 41, localizado no 4º andar ou 9º pavimento, com área privativa de 380,785m². Incluidas 15 vagas indeterminadas de garagem (cuja área comum de garagem é 126,00m²). Objetos da matrícula: 194.673  do 15º registro de imóveis.;0.0186150178379619;Renda
30.567.216/0001-02;2025-03-31;1;Ed. Arandu;Rua Arizona, 1366;253.65;1;Escritório 112, localizado no 11º andar, com área privativa de 253,65m². Incluidas 5 vagas indeterminadas de garagem (cuja área comum de garagem é 91,75m²). Objetos da matrícula: 120.969  do 15º registro de imóveis.;0.00846811921128442;Renda
30.567.216/0001-02;2025-03-31;1;Ed. Brasilinterpart;Avenida das Nações Unidas, 11.633;266.34;1;Conjunto 111, localizado no 11º andar ou 15º pavimento, com área útil de 266,34m², incluidas 5 vagas indeterminadas de garagem, objetos da matrícula 120.649 do 15º registro de imóveis.;0.00984446580488691;Renda
30.567.216/0001-02;2025-03-31;1;Ed. Brasilinterpart;Avenida das Nações Unidas, 11.633;177.95;1;Conjunto 112, localizado no 11º andar ou 15º pavimento, com área útil de 177,95m², incluidas 3 vagas indeterminadas de garagem, objetos da matrícula 120.650 do 15º registro de imóveis.;0.00678956635639945;Renda
30.567.216/0001-02;2025-03-31;1;Ed. Luxor Center;Rua Arizona, 1.349;141;1;Escritório 10,  tipo "B"  localizado no 10º pavimento, com área privativa de 141m², incluidas 3 vagas indeterminadas de garagem, objetos da matrícula 149.037 do 15º registro de imóveis.;0.0058841159560659;Renda
30.567.216/0001-02;2025-03-31;1;Ed. Brasílio Machado;Rua Dr. Cardoso de Mello, 1855;384.81;1;Conjunto 11, localizado no 1º andar, com área privativa de 384,81m², objeto da matrícula: 52.069 do 4º registro de imóveis. Incluidas 7 vagas indeterminadas de garagem, objetos de matrículas distintas do 4º registro de imóveis.;0.00627472260973118;Renda
30.567.216/0001-02;2025-03-31;1;Ed. Brasílio Machado;Rua Dr. Cardoso de Mello, 1855;384.81;1;Conjunto 12, localizado no 1º andar, com área privativa de 384,81m², objeto da matrícula: 52.070 do 4º registro de imóveis. Incluidas 7 vagas indeterminadas de garagem, objetos de matrículas distintas do 4º registro de imóveis.;0.00627472260973118;Renda
30.567.216/0001-02;2025-03-31;1;Ed. Brasílio Machado;Rua Dr. Cardoso de Mello, 1855;384.81;1;Conjunto 51, localizado no 5º andar, com área privativa de 384,81m², objeto da matrícula: 52.077 do 4º registro de imóveis. Incluidas 7 vagas indeterminadas de garagem, objetos de matrículas distintas do 4º registro de imóveis.;0.00586401551163703;Renda
30.567.216/0001-02;2025-03-31;1;Ed. Brasílio Machado;Rua Dr. Cardoso de Mello, 1855;384.81;1;Conjunto 52, localizado no 5º andar, com área privativa de 384,81m², objeto da matrícula: 52.078 do 4º registro de imóveis. Incluidas 7 vagas indeterminadas de garagem, objetos de matrículas distintas do 4º registro de imóveis.;0.00586401551163703;Renda
30.567.216/0001-02;2025-03-31;1;Ed. Brasílio Machado;Rua Dr. Cardoso de Mello, 1855;384.81;1;Conjunto 61, localizado no 6º andar, com área privativa de 384,81m², objeto da matrícula: 52.079 do 4º registro de imóveis. Incluidas 7 vagas indeterminadas de garagem, objetos de matrículas distintas do 4º registro de imóveis.;0.00586401551163703;Renda
30.567.216/0001-02;2025-03-31;1;Ed. Brasílio Machado;Rua Dr. Cardoso de Mello, 1855;384.81;1;Conjunto 62, localizado no 6º andar, com área privativa de 384,81m², objeto da matrícula: 52.080 do 4º registro de imóveis. Incluidas 7 vagas indeterminadas de garagem, objetos de matrículas distintas do 4º registro de imóveis.;0.00586401551163703;Renda
30.567.216/0001-02;2025-03-31;1;Ed. Brasílio Machado;Rua Dr. Cardoso de Mello, 1855;384.81;1;Conjunto 91, localizado no 9º andar, com área privativa de 384,81m², objeto da matrícula: 52.085 do 4º registro de imóveis. Incluidas 7 vagas indeterminadas de garagem, objetos de matrículas distintas do 4º registro de imóveis.;0.00586401551163703;Renda
30.567.216/0001-02;2025-03-31;1;Ed. Brasílio Machado;Rua Dr. Cardoso de Mello, 1855;384.81;1;Conjunto 101, localizado no 10º andar, com área privativa de 384,81m², objeto da matrícula: 52.087 do 4º registro de imóveis. Incluidas 7 vagas indeterminadas de garagem, objetos de matrículas distintas do 4º registro de imóveis.;0.00586401551163703;Renda
30.567.216/0001-02;2025-03-31;1;Ed. Brasílio Machado;Rua Dr. Cardoso de Mello, 1855;384.81;1;Conjunto 102, localizado no 10º andar, com área privativa de 384,81m², objeto da matrícula: 52.088 do 4º registro de imóveis. Incluidas 7 vagas indeterminadas de garagem, objetos de matrículas distintas do 4º registro de imóveis.;0.00586401551163703;Renda
30.567.216/0001-02;2025-03-31;1;Ed. Brasílio Machado;Rua Dr. Cardoso de Mello, 1855;384.81;1;Conjunto 111, localizado no 11º andar, com área privativa de 384,81m², objeto da matrícula: 52.089 do 4º registro de imóveis. Incluidas 7 vagas indeterminadas de garagem, objetos de matrículas distintas do 4º registro de imóveis.;0.00586401551163703;Renda
30.567.216/0001-02;2025-03-31;1;Ed. Brasílio Machado;Rua Dr. Cardoso de Mello, 1855;384.81;1;Conjunto 112, localizado no 11º andar, com área privativa de 384,81m², objeto da matrícula: 52.090 do 4º registro de imóveis. Incluidas 7 vagas indeterminadas de garagem, objetos de matrículas distintas do 4º registro de imóveis.;0.00586401551163703;Renda
30.567.216/0001-02;2025-03-31;1;Ed. Brasílio Machado;Rua Dr. Cardoso de Mello, 1855;384.81;1;Conjunto 141, localizado no 14º andar, com área privativa de 384,81m², objeto da matrícula: 52.095 do 4º registro de imóveis. Incluidas 7 vagas indeterminadas de garagem, objetos de matrículas distintas do 4º registro de imóveis.;0.00586401551163703;Renda
30.567.216/0001-02;2025-03-31;1;Ed. Brasílio Machado;Rua Dr. Cardoso de Mello, 1855;384.81;1;Conjunto 142, localizado no 14º andar, com área privativa de 384,81m², objeto da matrícula: 52.096 do 4º registro de imóveis. Incluidas 7 vagas indeterminadas de garagem, objetos de matrículas distintas do 4º registro de imóveis.;0.00586401551163703;Renda
30.567.216/0001-02;2025-03-31;1;Ed. Brasílio Machado;Rua Dr. Cardoso de Mello, 1855;384.81;1;Conjunto 151, localizado no 15º andar, com área privativa de 384,81m², objeto da matrícula: 52.097 do 4º registro de imóveis. Incluidas 7 vagas indeterminadas de garagem, objetos de matrículas distintas do 4º registro de imóveis.;0.00586401551163703;Renda
30.567.216/0001-02;2025-03-31;1;Ed. Brasílio Machado;Rua Dr. Cardoso de Mello, 1855;384.81;1;Conjunto 152, localizado no 15º andar, com área privativa de 384,81m², objeto da matrícula: 52.098 do 4º registro de imóveis. Incluidas 7 vagas indeterminadas de garagem, objetos de matrículas distintas do 4º registro de imóveis.;0.00586401551163703;Renda
30.567.216/0001-02;2025-03-31;1;Ed. Gaudi;Rua Princesa Isabel, 86 e 94;53.323;1;Conjunto 121, localizado no 12º andar, com área privativa de 53,323m², incluidas 2 vagas indeterminadas de garagem, objetos da matrícula: 179.801 do 15º registro de imóveis.;0.00180815391444961;Renda
30.567.216/0001-02;2025-03-31;1;Ed. Gaudi;Rua Princesa Isabel, 86 e 94;53.323;1;Conjunto 122, localizado no 12º andar, com área privativa de 53,323m², incluidas 2 vagas indeterminadas de garagem, objetos da matrícula: 179.802 do 15º registro de imóveis.;0.00180815391444961;Renda
30.567.216/0001-02;2025-03-31;1;Ed. Gaudi;Rua Princesa Isabel, 86 e 94;53.323;1;Conjunto 123, localizado no 12º andar, com área privativa de 53,323m², incluidas 2 vagas indeterminadas de garagem, objetos da matrícula: 179.803 do 15º registro de imóveis.;0.00180815391444961;Renda
30.567.216/0001-02;2025-03-31;1;Ed. Gaudi;Rua Princesa Isabel, 86 e 94;53.323;1;Conjunto 124, localizado no 12º andar, com área privativa de 53,323m², incluidas 2 vagas indeterminadas de garagem, objetos da matrícula: 179.804 do 15º registro de imóveis.;0.00180815391444961;Renda
30.567.216/0001-02;2025-03-31;1;Ed. Gaudi;Rua Princesa Isabel, 86 e 94;53.323;1;Conjunto 125, localizado no 12º andar, com área privativa de 53,323m², incluidas 2 vagas indeterminadas de garagem, objetos da matrícula: 179.805 do 15º registro de imóveis.;0.00180815391444961;Renda
30.567.216/0001-02;2025-06-30;2;Ed. Brasílio Machado;Rua Dr. Cardoso de Mello, 1853;384.81;1;Cj 21,  2º andar. Incluidas 7 vagas indeterminadas de garagem.;0.0057;Renda
30.567.216/0001-02;2025-06-30;2;Ed. Brasílio Machado;Rua Dr. Cardoso de Mello, 1854;384.81;1;Cj 22, 2º andar.Incluidas 7 vagas indeterminadas de garagem.;0.0057;Renda
30.567.216/0001-02;2025-06-30;2;Ed. Brasílio Machado;Rua Dr. Cardoso de Mello, 1854;270;1;Lj 02, pav térreo. Incluidas 5 vagas  de garagem.;0.005289;Renda
30.567.216/0001-02;2025-06-30;2;Ed. Brasílio Machado;Rua Dr. Cardoso de Mello, 1855;206.8;1;Conjunto 31A,  3º andar. Incluidas 2 vagas.;0.005494;Renda
30.567.216/0001-02;2025-06-30;2;Ed. Brasílio Machado;Rua Dr. Cardoso de Mello, 1855;227;1;Cj 32A, 3º andar. Incluidas 2 vagas indeterminadas de garagem.;0.00603;Renda
30.567.216/0001-02;2025-06-30;2;Ed. Brasílio Machado;Rua Dr. Cardoso de Mello, 1855;384.81;1;Cj 82, 8º andar. Incluidas 8 vagas indeterminadas de garagem;0.005318;Renda
31.161.410/0001-48;2025-03-31;1;Vista Park;R. Dra. Neyde Apparecida Sollitto, 252/306 - Vila Clementino;115.99;1;RES-1003/10ºPAV;0.06148;Venda
31.161.410/0001-48;2025-03-31;1;Vista Park;R. Dra. Neyde Apparecida Sollitto, 252/306 - Vila Clementino;88.32;1;RES-1101/11ºPAV;0.046814;Venda
31.161.410/0001-48;2025-03-31;1;Vista Park;R. Dra. Neyde Apparecida Sollitto, 252/306 - Vila Clementino;73.48;1;RES-1202/12ºPAV;0.038948;Venda
31.161.410/0001-48;2025-03-31;1;Vista Park;R. Dra. Neyde Apparecida Sollitto, 252/306 - Vila Clementino;88.32;1;RES-1301/13ºPAV;0.046814;Venda
31.161.410/0001-48;2025-03-31;1;Vista Park;R. Dra. Neyde Apparecida Sollitto, 252/306 - Vila Clementino;115.99;1;RES-1403/14ºPAV;0.06148;Venda
31.161.410/0001-48;2025-03-31;1;Vista Park;R. Dra. Neyde Apparecida Sollitto, 252/306 - Vila Clementino;73.48;1;RES-1502/15ºPAV;0.038948;Venda
31.161.410/0001-48;2025-03-31;1;Vista Park;R. Dra. Neyde Apparecida Sollitto, 252/306 - Vila Clementino;73.48;1;RES-702/7ºPAV;0.038948;Venda
31.161.410/0001-48;2025-03-31;1;Vista Park;R. Dra. Neyde Apparecida Sollitto, 252/306 - Vila Clementino;73.48;1;RES-802/8ºPAV;0.038948;Venda
31.161.410/0001-48;2025-03-31;1;Vista Park;R. Dra. Neyde Apparecida Sollitto, 252/306 - Vila Clementino;73.48;1;RES-902/9ºPAV;0.038948;Venda
31.161.410/0001-48;2025-03-31;1;Vista Park;R. Dra. Neyde Apparecida Sollitto, 252/306 - Vila Clementino;36.48;1;STUDIO-305/3ºPAV;0.019336;Venda
31.161.410/0001-48;2025-03-31;1;Vista Park;R. Dra. Neyde Apparecida Sollitto, 252/306 - Vila Clementino;36.48;1;STUDIO-405/4ºPAV;0.019336;Venda
32.388.168/0001-02;2025-06-30;1;MT191522;RUA DOS ACORES 145;750;1;matricula 191.522;0.5358;Venda
33.842.871/0001-01;2025-06-30;1;ANX. PAROQ. SALÃO 02;Largo da Vitória, 162 - Vitória, Salvador - BA;498.07;1;ANEXOS PAROQUIAIS - SALÃO 02;0;Renda
34.691.520/0001-00;2025-06-30;1;Assai Ipatinga;Avenida Pedro Linhares Gomes, 5765, Sem Complemento, Industrial, Ipatinga/MG, Brasil, 35160-291;5500;1;Direito de Propriedade;0.10968607157406;Renda
36.885.948/0001-19;2025-03-31;1;IMÓVEL IGUATEMI;Rua Viradouro nº 120, Jd Paulista;387.637;1;imovel;1;Renda
38.293.897/0001-61;2025-03-31;1;Jardim Petrella Brooklin;Rua Pascoal Pais, 494/498, Vila Cordeiro, São Paulo/SP, Brasil, 04581-060;7580.61;1;Direito de Propriedade;0.01435315608519;Venda
39.714.024/0001-48;2025-06-30;1;Ed.Barra Private e  Ed. Neolink;Ed. Barra Private: Av. Armando Lombardi nº 400  - Jacarepaguá - RJEd. Neolink: Av. Ayrton Senna, nº 2500, Jacarepaguá - RJ;5359.91;29;Barra Private, Neolink, Office I, Office II, Stay II;0.190097;Renda
41.325.993/0001-59;2025-06-30;1;MA138599;Rua Ana Vieira de Carvalho - Casa 4;383.08;1;matrícula 138.599 casa 4;1;Venda
41.650.365/0001-49;2025-06-30;1;Edifício IBM;Avenida Getúlio Vargas, 291;0;42;matrículas nº 63.972, 63.973, 63.974, 63.975, 63.976, 63.977, 63.978, 63.979, 63.980, 63.981, 63.982, 63.983, 63.984, 63.985, 63.986, 63.987, 63.988, 63.989, 63.990, 63.991, 63.992, 63.993, 63.994, 63.995, 63.996, 63.997, 63.998, 63.999, 64.000, 64.001, 64.002, 64.003, 64.004, 64.005, 64.006, 64.007, 64.008, 64.009, 64.010, 64.011, 64.012, 64.013;1;Renda
42.517.145/0001-04;2025-06-30;1;IMOVEL PURA GESTÃO PARTICIPAÇÕES;-;0;1;-;0.36863;Venda
42.537.540/0001-59;2025-06-30;1;Estrada da Portela 17;Estrada Do Portela, 17, Sem Complemento, Madureira, Rio De Janeiro/RJ, Brasil, 21351-050;1149;1;Direito de Propriedade;0.06863673484272;Renda
44.669.674/0001-59;2025-03-31;1;119344_44669;Av Manoel de Abreu,790- Náutica  G4 -São Vicente/SP - CEP:11355-400;445.3;1;Matricula 60691;1;Renda
47.669.336/0001-05;2025-03-31;1;Villa Cora;Villa CoraBalneário Camboriú/SC, na Av. Atlântica, nº 4294, Edifício ResidencialBalneário Camboriú/SC;217.23;1;matrícula nº 27.153;1;Renda
47.669.336/0001-05;2025-06-30;1;ALPHAVILLE G;Condomínio Alphaville Paraná, Unidade 02, Quadra MB1;0;1;matrícula nº 63.538;0.3695;Renda
47.669.336/0001-05;2025-06-30;1;ECO RESIDENC;Rua Guaraparim, nº 130, bairro Taboleiro, na cidade de Camboriú-SC;12.5;1;Matrícula nº 23.455;0.0508;Renda
47.669.336/0001-05;2025-06-30;1;Ed vita;Rua Guarapari, nº 130, bairro Taboleiro, nesta cidade de Camboriú-SC;73.38;1;Matrícula nº 23.549;0.0034;Renda
47.669.336/0001-05;2025-06-30;1;AP NEO SUPER;AV CANDIDO DE ABREU 470 - CURITIBA - PR;27;1;Matrícula nº 269394;0.0317;Renda
47.669.336/0001-05;2025-06-30;1;AP NEO SUPER;RUA DA GLORIA 251 CURITIBA - PR;49;1;MATRICULA 72442;0.0407;Renda
47.669.336/0001-05;2025-06-30;1;VAGA GARAGEM;RUA DA GLORIA 251 CURITIBA - PR;27;1;MATRICULA 56527;0.0026;Renda
49.592.781/0001-40;2025-03-31;1;BLOG Garuva;Rodovia SC - 417, 11915, Bairro Mina Velha, Garuva/SC;22790;1;Galpão de uso logístico industrial com 22.789 m² de área bruta locável entregue, localizado em Garuva, Santa Catarina, dentro de um terreno com área total de 61.737 m². O ativo, configurado como condomínio logístico classe AAA, possui 100% de sua área entregue atualmente ocupada, consolidando-se como uma oportunidade estratégica para operações de alta performance na Região Sul do Brasil.O empreendimento conta com pátio de manobras, vagas de espera para caminhões e estacionamento para motos, além de vias internas em ótimas condições operacionais. Inaugurado em 2020, com habite-se emitido e pronto para ocupação, o imóvel é certificado como green building e oferece infraestrutura moderna para operadores logísticos. Todos os módulos possuem sistema de sprinklers, niveladores de doca e pé-direito de 12 metros, com piso industrial de alta resistência, com capacidade para 5 t/m². A distância entre pilares é de 22,50 x 22,50 metros, favorecendo layout flexível de armazenagem.O Módulo 1 dispõe de 17 docas, enquanto os módulos 1-A, 2 e 3 contam com 4, 4 e 5 docas, respectivamente. O imóvel conta ainda com cobertura metálica, iluminação zenital, isolamento termoacústico e ventilação forçada, garantindo eficiência energética e conforto operacional. O controle de acesso para veículos leves, pesados e pedestres reforça os padrões de segurança, posicionando o Braspark Garuva como um polo logístico de referência na região.;1;Renda
50.275.622/0001-09;2025-06-30;1;AVGENTIL_SP;SÃO PAULO;0;1;NA;0.1537676150032;Renda
50.275.622/0001-09;2025-06-30;1;CAMPOBELO_SP;SÃO PAULO;0;1;NA;0.0481;Renda
50.275.622/0001-09;2025-06-30;1;CONSOLAÇÃO_SP;SÃO PAULO;0;1;NA;0.0543;Renda
50.275.622/0001-09;2025-06-30;1;TUCURUVI_SP;SÃO PAULO;0;1;NA;0.1133;Renda
50.275.622/0001-09;2025-06-30;1;STOAMARO_SP;SÃO PAULO;0;1;NA;0.0467;Renda
50.275.622/0001-09;2025-06-30;1;VLPROSPERIDADE_SP;SÃO PAULO;0;1;NA;0.02;Renda
50.275.622/0001-09;2025-06-30;1;VLCAIÇARA_PG;SÃO PAULO;0;1;NA;5E-05;Renda
50.275.622/0001-09;2025-06-30;1;VILLAGECAPRICCIO_LO;SÃO PAULO;0;1;NA;0.0002;Renda
50.275.622/0001-09;2025-06-30;1;TUCURUVI_SP;SÃO PAULO;0;1;NA;4E-05;Renda
50.275.622/0001-09;2025-06-30;1;SANTANA_SP;SÃO PAULO;0;1;NA;0.00013;Renda
50.375.550/0001-63;2025-03-31;1;AP PADRE JOAO;AP PADRE JOAO;0;1;Apartamento;0;Renda
50.686.473/0001-62;2025-06-30;1;59700_;Lagoa das Rosas, Cumbuco, no Município de Caucaia - Ceará;58923.91;14;Matrícula  59.700;0;Venda
51.472.985/0001-99;2025-06-30;1;N/A;;;;N/A;;
51.786.271/0001-55;2025-03-31;1;Galpao Estrada Ladeira Grande;Estrada Ladeira Grande, S/n, Parque Industrial, Parque Industrial, Viana/ES, Brasil, 29136-537;121702.5;16;Direito de Propriedade;0.70002328245892;Renda
51.870.412/0001-13;2025-03-31;1;Icon Residence Club;Rua Odete Jones Gigo, 380 - Sumaré - SP;2363.5;57;N/A;0.4572;Venda
51.870.412/0001-13;2025-06-30;1;Patriani Mirai Suzano;R. Nove de Julho, 1400 - Jardim Santa Helena, Suzano - SP, 08674-230;1185.06;26;N/A;0.6138;Venda
51.870.412/0001-13;2025-06-30;1;Patriani Mirai Atibaia;Av. Dona Gertrudes, 181, Atibaia, São Paulo;880.3;11;N/A;0.64;Venda
51.889.479/0001-08;2025-03-31;1;CANOAS Finkler - mat. 23.955;Rua Roberto Francisco Behrens;1015.57;1;CANOAS Finkler - mat. 23.955;0.0164;Renda
51.889.479/0001-08;2025-03-31;1;CANOAS Klopsh- mat. 39.823;Rua Roberto Francisco Behrens;19964.08;1;CANOAS Klopsh- mat. 39.823;0.1283;Renda
51.889.479/0001-08;2025-03-31;1;VENANCIO AIRES - mat. 55.026;Av. Imperatriz Dona Leopoldina, 4785 - Leopoldina - Venâncio Aires - RS;31282.50;1;VENANCIO AIRES - mat. 55.026;0.0317;Renda
51.889.479/0001-08;2025-03-31;1;ERECHIM - Mat. 10.897;Rua Luiz Cavagni - Bela Vista, Erechim - RS;16381.75;1;ERECHIM - Mat. 10.897;0.0715;Renda
51.889.479/0001-08;2025-03-31;1;ERECHIM - Mat.10.898;Rua Luiz Cavagni - Bela Vista, Erechim - RS;16381.75;1;ERECHIM - Mat.10.898;0.0186;Renda
52.904.581/0001-90;2025-03-31;1;IMOVEL RJ;Condomínio Grand Hyatt;238;1;IMOVEL RENDA FUTURA;0.95;Venda
54.010.546/0001-52;2025-06-30;1;ROVIC 63 EMPREENDIMENTO IMOBILIÁRIO SPE LTDA;NA;0;17;NA;0.1134;Renda
54.375.187/0001-37;2025-03-31;1;Shopping RioSul;Rua Lauro Müller, 116 - Botafogo, Rio de Janeiro - RJ, 22290-070;51966;308;O FII é proprietário de 33,27% do Shopping RioSul;0.3327;Renda
54.375.187/0001-37;2025-06-30;1;Shopping Pátio Paulista;Rua Treze de Maio, 1947 - Bela Vista, São Paulo - 01327-900;38181;287;O FII é proprietário de 18,52% do Shopping Pátio Paulista;;Renda
54.375.187/0001-37;2025-06-30;1;Shopping Pátio Higienópolis;Avenida Higienópolis, 618 - Higienópolis, São Paulo - 01238-000;34107;267;O FII é proprietário de 14,65% do Shopping Pátio Higienópolis;;Renda
54.419.040/0001-00;2025-06-30;1;BOTANICO;Araraquara;329.4;1;MATRICULA 153.330;0.0288;Renda
54.419.040/0001-00;2025-06-30;1;CASA EDEN;São Paulo;954.07;1;MATRICULA 162.579;0.2956;Renda
55.793.516/0001-22;2025-03-31;1;117889-302_5;Apartamento nº 302 do edifício situado à Rua Figueiredo Magalhães, nº 780, Rio de Janeiro / RJ;0;1;Matricula - 117889;0;Venda
55.793.516/0001-22;2025-03-31;1;119583_534_3;Avenida Conselheiro Rodrigues Alves, 534, Apto 32, Rua Hidelbrando Tomás de Carvalho, Rua Humberto I e Rua Otávio de Moraes Dantas, Edifício Bandeiras CEP 04014-001, Vila Mariana, São Paulo - SP;0;1;Matricula - 119583 "Condomínio 1B - Ibirapuera Boulevard", já incluído o direito ao uso de 04 (quatro) vagas na garagem em local individual e indeterminado;0;Venda
55.793.516/0001-22;2025-03-31;1;148130-23_5;Rua Salete, 279, Apto 23, Condomínio Salete Residencial Club Bairro Santana CEP 02016-001, São Paulo Estado São Paulo;235;1;Matricula - 148130;0;Venda
55.793.516/0001-22;2025-03-31;1;152918_1464_;Alameda dos Anapurus, 1464, Apto 171, Edifício Huantar Bairro Indianópolis CEP 4087005 Cidade São Paulo Estado São Paulo;353;1;Matricula - 152918;0;Venda
55.793.516/0001-22;2025-03-31;1;156161-34_5;Rua Alberto Faria, 182, Apto 34, Condomínio Grand Guanabara One Bairro Jardim Brasil CEP 13073014 Cidade Campinas Estado São Paulo;128;1;Matricula - 156161;0;Venda
55.793.516/0001-22;2025-03-31;1;157139_2860_;Avenida Marquês de São Vicente, 2860, Apto 182, Condomínio Marques 2900 Bairro Água Branca CEP 05036-040 Cidade São Paulo Estado SP;193;1;Matricula - 157139;0;Venda
55.793.516/0001-22;2025-03-31;1;50634-106_5;Rua Sacopa, 852, Apartamento 106, Bloco 1, Condomínio Chácara Sacopã, Cep: 22471-180, Lagoa, Rio de Janeiro - RJ;0;1;Matricula - 50634;0;Venda
55.793.516/0001-22;2025-03-31;1;82540-121_5;Rua Santa Catarina, 44, Apartamento 12, Edifício Palla Bianca, Água Verde, Curitiba - PR - Cep: 80620100, Curitiba / PR;0;1;Matricula - 82540;0;Venda
55.793.516/0001-22;2025-03-31;1;173455_171_5;Informação não apresentada;0;1;Informação não apresentada;0;Venda
55.793.516/0001-22;2025-03-31;1;73202_55793;Rua Jardim Botanico, 183, ap 102 Rio de Janeiro - RJ;339.35;1;Matricula - 73202;0;Venda
55.793.516/0001-22;2025-03-31;1;79095_55793;Alphaville Residencial, Santana de Parnaíba, Barueri - SP;447.77;1;Matricula - 79095;0;Venda
57.216.258/0001-47;2025-03-31;1;Edifício Adalmiro Dellape Baptista B32;Avenida Brigadeiro Faria Lima, nº 3.732, São Paulo, SP;8223.93;1;Imóvel destinado à uso corporativo.;0.899237;Renda
57.285.563/0001-90;2025-03-31;1;EDIFÍCIO ALBERTO DE CAMPOS;Rua Barata Ribeiro, 573, Copacabana, RJ;362.6;1;prédio e respectivo terreno, subdividido em unidades 101, 102, 201 e 202, medindo de frente e de fundos 10m, com extensão de frente a fundo de 33,10m, matrícula nº 18741;0.1897;Venda
57.285.563/0001-90;2025-03-31;1;PRINCESA JANUARIA;Rua Alberto de Campos, 130 - Ipanema, RJ;33.1;1;imovel;0.5;Venda
57.466.934/0001-30;2025-03-31;1;JUNDIAÍ - CASA BAHIA;Rodovia Anhanguera, km 52 + 350m e Rodovia Presidente Tancredo Neves, km 58, Bairro Castanho, CEP 13203-850, cidade de Jundiaí, Estado de São Paulo.;313314;3;N/A;0.63;Renda
57.466.934/0001-30;2025-03-31;1;DUQUE DE CAXIAS- CASA BAHIA;Av. Automóvel Clube, 7.543 - Duque de Caxias;209442;1;N/A;0.11;Renda
57.466.934/0001-30;2025-03-31;1;CAJAMAR - CAPITAL BRASILEIRO;Via de Acesso Sul Km 34, Rodovia Anhanguera, S/Nº, Bairro Empresarial Mirim, complemento Km 34+368 ao Km 35, CEP 07.754-200;76120;2;Usina Diesel e Fotovoltaíca;0.19;Renda
57.466.934/0001-30;2025-03-31;1;RIBEIRÃO PRETO - CASA BAHIA;Avenida Patriarca, nº 5355 - Parque Ribeirão Preto - CEP 14031-580, cidade de Ribeirão Preto, Estado de São Paulo.;35558;1;N/A;0.07;Renda
57.593.613/0001-05;2025-03-31;1;Sao Jose dos Pinhais;Br 376, 18500, Sem Complemento, Mandaguari, Mandaguari/PR, Brasil, 86975-000;14305.09;1;Direito de Propriedade;0.33800371117796;Renda
57.593.613/0001-05;2025-06-30;1;Imovel Mairipora;Rodovia Fernao Dias, 265, Sem Complemento, Luiz Fagundes, Mairiporã/SP, Brasil, 07625-000;11981.95;1;Direito de propriedade;0.08040648924331;Renda
58.019.792/0001-26;2025-03-31;1;Plaza Imperial;Av. José Pereira Liberato, esquina com a Av. Jacob Ardigó;3423.77;1;Matrícula 31.579;1;Venda
58.316.418/0001-92;2025-03-31;1;Fazenda Taquaral;Rodovia Arquiteto Helder Candia, 567, 3º Andar, Sala 03, Ribeirão Do Lipa, Cuiabá/MT, Brasil, 78048-150;9172.4;4;não possui características que destoem dos demais;0.02461557223353;Renda
58.316.418/0001-92;2025-06-30;1;Sitio Flamenga - Projeto Paraipaba;Sitio Flamenga, S/n, Sem Complemento, Boa Água, Morada Nova/CE, Brasil, 62953-000;40000;1;Não possui caracteristicas que destoem dos demais;0.02960547903437;Renda
58.316.418/0001-92;2025-06-30;1;Sitio Timbauba - Projeto Aram;Sitio Timbauba Dos Simplicios, S/n, Sem Complemento, Centro, Russas/CE, Brasil, 62900-001;54909;1;Não possui caracteristicas que destoem dos demais;0.03188416068948;Renda
58.316.418/0001-92;2025-06-30;1;Gleba 38 - Projeto Paulistana;Gleba 38 - Chapada Dos Almondes, S/n, Sem Complemento, Centro, Picos/PI, Brasil, 64600-002;41268;1;Não possui caracteristicas que destoem dos demais;0.0483484500101;Renda
58.316.418/0001-92;2025-06-30;1;Pague Menos Patativa - PE;Parque três vaqueiros, Araripina/PE;49171;1;Não possui caracteristicas que destoem dos demais;0.011983;Renda
58.496.557/0001-45;2025-03-31;1;IRA Imovel;Rua Gomes Jardim, 201, bairro Santana, Porto Alegre/RS;2235.17;4;Salas Comerciais - 101, 102, 103, 1703 - Matrículas 147.685, 147.686, 147.687, 148.037;1;Renda
58.523.596/0001-94;2025-03-31;1;CASA MORUMBI;BAIRRO DO MORUMBI;0;1;LOTE 11;0;Renda
58.544.087/0001-48;2025-03-31;1;Le Dépanneur - Botafogo;Rua Voluntarios da Patria, 86, Botafogo - RJ;327;2;Padaria;0.4919;Renda
58.544.087/0001-48;2025-03-31;1;Nova Farma - Ipanema;Rua Visconde de Piraja, 228, Ipanema - RJ;136;1;Framacia;0.2403;Renda
58.544.087/0001-48;2025-03-31;1;Nova Farma - Gloria;Rua do Catete, 287, Gloria - RJ;120;1;Framacia;0.1551;Renda
58.544.087/0001-48;2025-03-31;1;Fleury - Gloria;Rua do Catete, 216, Gloria - RJ;545;2;Saude;0.1528;Renda
58.544.087/0001-48;2025-06-30;1;Nome;Endereço;Área;;Outras características relevantes;;Categoria
58.561.054/0001-06;2025-03-31;1;ED. BRASÍLIO MACHADO NETO;Rua Dr. Cardoso de Mello, 1855;206.8;1;Cj 31-A, subdivisão do cj 31, localizado no 3º andar, com área privativa de 206,80m², objeto da matrícula nº 52073 do 4° registro de imóveis.  Contrato de locação formalizado, com vigência a partir de maio/25.;0.109458;Renda
58.561.054/0001-06;2025-03-31;1;ED. BRASÍLIO MACHADO NETO;Rua Dr. Cardoso de Mello, 1855;178.01;1;Cj 31-B, subdivisão do cj 31, localizado no 3º andar, com área privativa de 178,01m², objeto da matrícula nº 52073 do 4° registro de imóveis.  Contrato de locação formalizado, com vigência a partir de julho/25.;0.094219;Renda
58.561.054/0001-06;2025-03-31;1;ED. BRASÍLIO MACHADO NETO;Rua Dr. Cardoso de Mello, 1855;198.08;1;Cj 32-A, subdivisão do cj 32, localizado no 3º andar, com área privativa de 198,08m², objeto da matrícula nº 52074 do 4° registro de imóveis.  Contrato de locação formalizado, com vigência a partir de maio/25.;0.104842;Renda
58.561.054/0001-06;2025-03-31;1;ED. BRASÍLIO MACHADO NETO;Rua Dr. Cardoso de Mello, 1855;186.73;1;Cj 32-B, subdivisão do cj 32, localizado no 3º andar, com área privativa de 186,73m², objeto da matrícula nº 52074 do 4° registro de imóveis.;0.098835;Renda
58.561.054/0001-06;2025-03-31;1;ED. BRASÍLIO MACHADO NETO;Rua Dr. Cardoso de Mello, 1855;384.81;1;Cj 41, localizado no 4º andar, com área privativa de 384,81 m², objeto da matrícula nº 52075 do 4° registro de imóveis.;0.203788;Renda
58.561.054/0001-06;2025-03-31;1;ED. BRASÍLIO MACHADO NETO;Rua Dr. Cardoso de Mello, 1855;384.81;1;Cj 42, localizado no 4º andar, com área privativa de 384,81m², objeto da matrícula nº 52076 do 4° registro de imóveis.;0.203788;Renda
58.561.054/0001-06;2025-03-31;1;ED. BRASÍLIO MACHADO NETO;Rua Dr. Cardoso de Mello, 1855;350.25;15;Vagas de garagem nº 63 a 77, localizadas no 1º sub-solo, sedo cada vaga objeto de matrícula distinta (nº respectivos 52.193 a 52.207), com área construída de 23,35m² cada. As 15 vagas soma 350,25m². Serão disponibilizadas entre 3 e 4 vagas para cada subconjunto.;0.18507;Renda
58.580.017/0001-45;2025-03-31;1;Edifício The Spot One;Balneário Camboriú - SC;20000;1;Conectado ao Balneário Shopping;0;Renda
58.863.998/0001-38;2025-06-30;3;Distribution Park Cajamar;Av. Ribeirão dos Cristais, 800, Cajamar - São Paulo;88676;1;Compra de Portfólio - Detalhes da aquisição no Fato Relevante publicado na CVM no dia 02/04/2025.;0.2704;Renda
58.863.998/0001-38;2025-06-30;3;Distribution Park Manaus I;Av. Torquato Tapajós, 7.503, Tarumã - Manaus, Amazonas.;105153;1;Compra de Portfólio - Detalhes da aquisição no Fato Relevante publicado na CVM no dia 02/04/2025.;0.3267;Renda
58.863.998/0001-38;2025-06-30;3;Distribution Park Manaus II;Av. do Turismo, 13.520, Tarumã - Manaus, Amazonas.;69055;1;Compra de Portfólio - Detalhes da aquisição no Fato Relevante publicado na CVM no dia 02/04/2025.;0.2158;Renda
58.863.998/0001-38;2025-06-30;3;Distribution Park Rio de Janeiro;Av. Coronel Phídias Távora, 360, Pavuna - Rio de Janeiro.;65625;1;Compra de Portfólio - Detalhes da aquisição no Fato Relevante publicado na CVM no dia 02/04/2025.;0.1871;Renda
59.658.166/0001-42;2025-06-30;1;BTG LOG AAA CAJAMAR;Rodovia dos Bandeirantes, Km 38, no Município de Franco da Rocha, Estado de São Paulo;227771;1;Direito de Propriedade;1;Renda
59.680.687/0001-04;2025-03-31;1;Matrícula 21405 - Cartório de Reg. de Imóveis de Curvelo MG;Zona Rural do Município de Felixlândia;48;1;Direito de posse - Matrículas serão transferidas após processo de consolidação e regularização por parte do vendedor (parte do pagamento vinculado a concretização do processo de regularização);0.00925929450948132;Renda
59.680.687/0001-04;2025-03-31;1;Matrícula 7878 - Cartório de Reg. de Imóveis de Curvelo MG;Zona Rural do Município de Felixlândia;12;1;Direito de posse - Matrículas serão transferidas após processo de consolidação e regularização por parte do vendedor (parte do pagamento vinculado a concretização do processo de regularização);0.00229569285359041;Renda
59.680.687/0001-04;2025-03-31;1;Matrícula 13882 - Cartório de Reg. de Imóveis de Curvelo MG;Zona Rural do Município de Felixlândia;82;1;Direito de posse - Matrículas serão transferidas após processo de consolidação e regularização por parte do vendedor (parte do pagamento vinculado a concretização do processo de regularização);0.0157779526287988;Renda
59.680.687/0001-04;2025-03-31;1;Matrícula 14158 - Cartório de Reg. de Imóveis de Curvelo MG;Zona Rural do Município de Felixlândia;4;1;Direito de posse - Matrículas serão transferidas após processo de consolidação e regularização por parte do vendedor (parte do pagamento vinculado a concretização do processo de regularização);0.000904598638183521;Renda
59.680.687/0001-04;2025-03-31;1;Matrícula 16124 - Cartório de Reg. de Imóveis de Curvelo MG;Zona Rural do Município de Felixlândia;4;1;Direito de posse - Matrículas serão transferidas após processo de consolidação e regularização por parte do vendedor (parte do pagamento vinculado a concretização do processo de regularização);0.000704012475101059;Renda
59.680.687/0001-04;2025-03-31;1;Matrícula 16125 - Cartório de Reg. de Imóveis de Curvelo MG;Zona Rural do Município de Felixlândia;4;1;Direito de posse - Matrículas serão transferidas após processo de consolidação e regularização por parte do vendedor (parte do pagamento vinculado a concretização do processo de regularização);0.000715490939369011;Renda
59.680.687/0001-04;2025-03-31;1;Matrícula 16065 - Cartório de Reg. de Imóveis de Curvelo MG;Zona Rural do Município de Felixlândia;7;1;Direito de posse - Matrículas serão transferidas após processo de consolidação e regularização por parte do vendedor (parte do pagamento vinculado a concretização do processo de regularização);0.0013888941764222;Renda
59.680.687/0001-04;2025-03-31;1;Matrícula 17671 - Cartório de Reg. de Imóveis de Curvelo MG;Zona Rural do Município de Felixlândia;19;1;Direito de posse - Matrículas serão transferidas após processo de consolidação e regularização por parte do vendedor (parte do pagamento vinculado a concretização do processo de regularização);0.00360997701227092;Renda
59.680.687/0001-04;2025-03-31;1;Matrícula 17672 - Cartório de Reg. de Imóveis de Curvelo MG;Zona Rural do Município de Felixlândia;10;1;Direito de posse - Matrículas serão transferidas após processo de consolidação e regularização por parte do vendedor (parte do pagamento vinculado a concretização do processo de regularização);0.00191307737799201;Renda
59.680.687/0001-04;2025-03-31;1;Matrícula 17673 - Cartório de Reg. de Imóveis de Curvelo MG;Zona Rural do Município de Felixlândia;5;1;Direito de posse - Matrículas serão transferidas após processo de consolidação e regularização por parte do vendedor (parte do pagamento vinculado a concretização do processo de regularização);0.000925929450948132;Renda
59.680.687/0001-04;2025-03-31;1;Matrícula 16542 - Cartório de Reg. de Imóveis de Curvelo MG;Zona Rural do Município de Felixlândia;31;1;Direito de posse - Matrículas serão transferidas após processo de consolidação e regularização por parte do vendedor (parte do pagamento vinculado a concretização do processo de regularização);0.00594584449079916;Renda
59.680.687/0001-04;2025-03-31;1;Matrícula 21560 - Cartório de Reg. de Imóveis de Curvelo MG;Zona Rural do Município de Felixlândia;251;1;Direito de posse - Matrículas serão transferidas após processo de consolidação e regularização por parte do vendedor (parte do pagamento vinculado a concretização do processo de regularização);0.0479895460269295;Renda
59.680.687/0001-04;2025-03-31;1;Matrícula 3950 - Cartório de Reg. de Imóveis de Curvelo MG;Zona Rural do Município de Felixlândia;63;1;Direito de posse - Matrículas serão transferidas após processo de consolidação e regularização por parte do vendedor (parte do pagamento vinculado a concretização do processo de regularização);0.0121403890407373;Renda
59.680.687/0001-04;2025-03-31;1;Matrícula 3970 - Cartório de Reg. de Imóveis de Curvelo MG;Zona Rural do Município de Felixlândia;40;1;Direito de posse - Matrículas serão transferidas após processo de consolidação e regularização por parte do vendedor (parte do pagamento vinculado a concretização do processo de regularização);0.00765230951196803;Renda
59.680.687/0001-04;2025-03-31;1;Matrícula 19415 - Cartório de Reg. de Imóveis de Curvelo MG;Zona Rural do Município de Felixlândia;44;1;Direito de posse - Matrículas serão transferidas após processo de consolidação e regularização por parte do vendedor (parte do pagamento vinculado a concretização do processo de regularização);0.00841754046316484;Renda
59.680.687/0001-04;2025-03-31;1;Matrícula 16817 - Cartório de Reg. de Imóveis de Curvelo MG;Zona Rural do Município de Felixlândia;33;1;Direito de posse - Matrículas serão transferidas após processo de consolidação e regularização por parte do vendedor (parte do pagamento vinculado a concretização do processo de regularização);0.00638776536511531;Renda
59.680.687/0001-04;2025-03-31;1;Matrícula 490 - Cartório de Reg. de Imóveis de Curvelo MG;Zona Rural do Município de Felixlândia;10;1;Direito de posse - Matrículas serão transferidas após processo de consolidação e regularização por parte do vendedor (parte do pagamento vinculado a concretização do processo de regularização);0.0019857743183557;Renda
59.680.687/0001-04;2025-03-31;1;Matrícula 43682 - Cartório de Reg. de Imóveis de Curvelo MG;Zona Rural do Município de Felixlândia;17;1;Direito de posse - Matrículas serão transferidas após processo de consolidação e regularização por parte do vendedor (parte do pagamento vinculado a concretização do processo de regularização);0.00321970922716055;Renda
59.680.687/0001-04;2025-03-31;1;Matrícula 43636 - Cartório de Reg. de Imóveis de Curvelo MG;Zona Rural do Município de Felixlândia;7;1;Direito de posse - Matrículas serão transferidas após processo de consolidação e regularização por parte do vendedor (parte do pagamento vinculado a concretização do processo de regularização);0.00143480803349401;Renda
59.680.687/0001-04;2025-03-31;1;Matrícula 14087 - Cartório de Reg. de Imóveis de Curvelo MG;Zona Rural do Município de Felixlândia;19;1;Direito de posse - Matrículas serão transferidas após processo de consolidação e regularização por parte do vendedor (parte do pagamento vinculado a concretização do processo de regularização);0.00358702008373502;Renda
59.680.687/0001-04;2025-03-31;1;Matrícula 43629 - Cartório de Reg. de Imóveis de Curvelo MG;Zona Rural do Município de Felixlândia;10;1;Direito de posse - Matrículas serão transferidas após processo de consolidação e regularização por parte do vendedor (parte do pagamento vinculado a concretização do processo de regularização);0.00192264276488197;Renda
59.680.687/0001-04;2025-03-31;1;Matrícula 15604 - Cartório de Reg. de Imóveis de Curvelo MG;Zona Rural do Município de Felixlândia;222;1;Direito de posse - Matrículas serão transferidas após processo de consolidação e regularização por parte do vendedor (parte do pagamento vinculado a concretização do processo de regularização);0.0424186647022168;Renda
59.680.687/0001-04;2025-03-31;1;Matrícula 42421 - Cartório de Reg. de Imóveis de Curvelo MG;Zona Rural do Município de Felixlândia;23;1;Direito de posse - Matrículas serão transferidas após processo de consolidação e regularização por parte do vendedor (parte do pagamento vinculado a concretização do processo de regularização);0.00439625181462563;Renda
59.680.687/0001-04;2025-03-31;1;Matrícula 7893 - Cartório de Reg. de Imóveis de Curvelo MG;Zona Rural do Município de Felixlândia;222;1;Direito de posse - Matrículas serão transferidas após processo de consolidação e regularização por parte do vendedor (parte do pagamento vinculado a concretização do processo de regularização);0.0425238839580064;Renda
59.680.687/0001-04;2025-03-31;1;Matrícula 12159 - Cartório de Reg. de Imóveis de Curvelo MG;Zona Rural do Município de Felixlândia;122;1;Direito de posse - Matrículas serão transferidas após processo de consolidação e regularização por parte do vendedor (parte do pagamento vinculado a concretização do processo de regularização);0.0233586747852824;Renda
59.680.687/0001-04;2025-03-31;1;Matrícula 17839 - Cartório de Reg. de Imóveis de Curvelo MG;Zona Rural do Município de Felixlândia;10;1;Direito de posse - Matrículas serão transferidas após processo de consolidação e regularização por parte do vendedor (parte do pagamento vinculado a concretização do processo de regularização);0.00185185890189626;Renda
59.680.687/0001-04;2025-03-31;1;Matrícula 7903 - Cartório de Reg. de Imóveis de Curvelo MG;Zona Rural do Município de Felixlândia;35;1;Direito de posse - Matrículas serão transferidas após processo de consolidação e regularização por parte do vendedor (parte do pagamento vinculado a concretização do processo de regularização);0.00669577082297203;Renda
59.680.687/0001-04;2025-03-31;1;Matrícula 32811 - Cartório de Reg. de Imóveis de Curvelo MG;Zona Rural do Município de Felixlândia;10;1;Direito de posse - Matrículas serão transferidas após processo de consolidação e regularização por parte do vendedor (parte do pagamento vinculado a concretização do processo de regularização);0.00191307737799201;Renda
59.680.687/0001-04;2025-03-31;1;Matrícula 16239 - Cartório de Reg. de Imóveis de Curvelo MG;Zona Rural do Município de Felixlândia;64;1;Direito de posse - Matrículas serão transferidas após processo de consolidação e regularização por parte do vendedor (parte do pagamento vinculado a concretização do processo de regularização);0.0122513475286608;Renda
59.680.687/0001-04;2025-03-31;1;Matrícula 7924 - Cartório de Reg. de Imóveis de Curvelo MG;Zona Rural do Município de Felixlândia;347;1;Direito de posse - Matrículas serão transferidas após processo de consolidação e regularização por parte do vendedor (parte do pagamento vinculado a concretização do processo de regularização);0.0663837850163227;Renda
59.680.687/0001-04;2025-03-31;1;Matrícula 18655 - Cartório de Reg. de Imóveis de Curvelo MG;Zona Rural do Município de Felixlândia;2;1;Direito de posse - Matrículas serão transferidas após processo de consolidação e regularização por parte do vendedor (parte do pagamento vinculado a concretização do processo de regularização);0.000309918535234705;Renda
59.680.687/0001-04;2025-03-31;1;Matrícula 15735 - Cartório de Reg. de Imóveis de Curvelo MG;Zona Rural do Município de Felixlândia;737;1;Direito de posse - Matrículas serão transferidas após processo de consolidação e regularização por parte do vendedor (parte do pagamento vinculado a concretização do processo de regularização);0.14111815278758;Renda
59.680.687/0001-04;2025-03-31;1;Matrícula 7894 - Cartório de Reg. de Imóveis de Curvelo MG;Zona Rural do Município de Felixlândia;1612;1;Direito de posse - Matrículas serão transferidas após processo de consolidação e regularização por parte do vendedor (parte do pagamento vinculado a concretização do processo de regularização);0.308419906939882;Renda
59.680.687/0001-04;2025-03-31;1;Matrícula 13597 - Cartório de Reg. de Imóveis de Curvelo MG;Zona Rural do Município de Felixlândia;2;1;Direito de posse - Matrículas serão transferidas após processo de consolidação e regularização por parte do vendedor (parte do pagamento vinculado a concretização do processo de regularização);0.000358319392897903;Renda
59.680.687/0001-04;2025-03-31;1;Matrícula 16121 - Cartório de Reg. de Imóveis de Curvelo MG;Zona Rural do Município de Felixlândia;160;1;Direito de posse - Matrículas serão transferidas após processo de consolidação e regularização por parte do vendedor (parte do pagamento vinculado a concretização do processo de regularização);0.0306578302132731;Renda
59.680.687/0001-04;2025-03-31;1;Matrícula 52873 - Cartório de Reg. de Imóveis de Curvelo MG;Zona Rural do Município de Felixlândia;43;1;Direito de posse - Matrículas em processo de transferência;0.00833336505853319;Renda
59.680.687/0001-04;2025-03-31;1;Matrícula 2344 - Cartório de Reg. de Imóveis de Curvelo MG;Zona Rural do Município de Felixlândia;5;1;Direito de posse - Matrículas serão transferidas após processo de consolidação e regularização por parte do vendedor (parte do pagamento vinculado a concretização do processo de regularização);0.000956538688996004;Renda
59.680.687/0001-04;2025-03-31;1;Matrícula 12717 - Cartório de Reg. de Imóveis de Curvelo MG;Zona Rural do Município de Felixlândia;18;1;Direito de posse - Matrículas serão transferidas após processo de consolidação e regularização por parte do vendedor (parte do pagamento vinculado a concretização do processo de regularização);0.00341092131109085;Renda
59.680.687/0001-04;2025-03-31;1;Matrícula 12793 - Cartório de Reg. de Imóveis de Curvelo MG;Zona Rural do Município de Felixlândia;14;1;Direito de posse - Matrículas serão transferidas após processo de consolidação e regularização por parte do vendedor (parte do pagamento vinculado a concretização do processo de regularização);0.002661167155882;Renda
59.680.687/0001-04;2025-03-31;1;Matrícula 16543 - Cartório de Reg. de Imóveis de Curvelo MG;Zona Rural do Município de Felixlândia;5;1;Direito de posse - Matrículas serão transferidas após processo de consolidação e regularização por parte do vendedor (parte do pagamento vinculado a concretização do processo de regularização);0.000998358560478909;Renda
59.680.687/0001-04;2025-03-31;1;Matrícula 10837 - Cartório de Reg. de Imóveis de Curvelo MG;Zona Rural do Município de Felixlândia;1;1;Direito de posse - Matrículas serão transferidas após processo de consolidação e regularização por parte do vendedor (parte do pagamento vinculado a concretização do processo de regularização);0.000119146459101342;Renda
59.680.687/0001-04;2025-03-31;1;Matrícula 16122 - Cartório de Reg. de Imóveis de Curvelo MG;Zona Rural do Município de Felixlândia;48;1;Direito de posse - Matrículas serão transferidas após processo de consolidação e regularização por parte do vendedor (parte do pagamento vinculado a concretização do processo de regularização);0.00920526920432682;Renda
59.680.687/0001-04;2025-03-31;1;Matrícula 43645 - Cartório de Reg. de Imóveis de Curvelo MG;Zona Rural do Município de Felixlândia;127;1;Direito de posse - Matrículas em processo de transferência;0.0243928652850511;Renda
59.680.687/0001-04;2025-03-31;1;Matrícula 42621 - Cartório de Reg. de Imóveis de Curvelo MG;Zona Rural do Município de Felixlândia;321;1;Direito de posse - Matrículas em processo de transferência;0.0613521428121446;Renda
59.680.687/0001-04;2025-03-31;1;Matrícula 12814 - Cartório de Registro de  Três Maria / MG;Zona Rural do Município de Três Marias;354;1;Direito de posse - Matrículas em processo de transferência;0.0677345132990539;Renda
60.551.924/0001-08;2025-06-30;2;Atibaia - Lago;Rua Prefeito Takao Ono, 380, Atibaia, São Paulo;1237;12;-;0.0290844371558499;Renda
60.551.924/0001-08;2025-06-30;2;Bragança Paulista - Lago Sul;Rua Alpheu Grimello, 1.020, Bragança Paulista, São Paulo;2147;12;-;0.0561697697734438;Renda
60.551.924/0001-08;2025-06-30;2;Campinas - Chácara Primavera;Rua Jasmim, 215, Campinas, São Paulo;1843;14;-;0.0812323019955193;Renda
60.551.924/0001-08;2025-06-30;2;Campinas - Parque Prado;Avenida Baden Powell, 1.929, Campinas, São Paulo;1634;14;-;0.0699214751471786;Renda
60.551.924/0001-08;2025-06-30;2;Cotia - Pátio Cotia;Avenida Antônio Mathias de Camargo, 512, Cotia, São Paulo;5801;43;-;0.0835852203111188;Renda
60.551.924/0001-08;2025-06-30;2;Embu das Artes - Elias Yazbek;Avenida Elias Yazbek, 708, Embu das Artes, São Paulo;1672;17;-;0.0426564472176456;Renda
60.551.924/0001-08;2025-06-30;2;Indaiatuba - Parque Ecológico;Avenida Engenheiro Fábio Roberto Barnabé, 2.685, Indaiatuba, São Paulo;6069;17;-;0.124122056655491;Renda
60.551.924/0001-08;2025-06-30;2;Jacareí - Centro;Rua Barão de Jacarteí, 591, Jacareí, São Paulo;2325;28;-;0.0351028329823217;Renda
60.551.924/0001-08;2025-06-30;2;Jacareí - Villa Branca;Avenida das Letras, 15, Jacareí, São Paulo;1480;14;-;0.0276051404922604;Renda
60.551.924/0001-08;2025-06-30;2;Paulínia - Jardim América;Avenida José Paulino, 2.279, Paulínia, São Paulo;3120;15;-;0.0892120542021484;Renda
60.551.924/0001-08;2025-06-30;2;Santo André - Pirelli;Rua Giovanni Battista Pirelli, 1.600, Santo André, São Paulo;2258;18;-;0.0551034448154521;Renda
60.551.924/0001-08;2025-06-30;2;São José dos Campos - Urbanova;Rua Ironman Victor Garrido com Rua Conrado Cruz, São José dos Campos, São Paulo;1493;12;-;0.03782926660297;Renda
60.551.924/0001-08;2025-06-30;2;São Paulo - Ellis Maas;Avenida Ellis Maas, 641, São Paulo, São Paulo;1867;17;-;0.0721388490899648;Renda
60.551.924/0001-08;2025-06-30;2;São Paulo - Jardim das Perdizes;Avenida Marquês de São Vicente, 2.219, São Paulo, São Paulo;2615;20;-;0.0911821822136083;Renda
60.551.924/0001-08;2025-06-30;2;Pernambucanas - Araçatuba;Rua Marechal Deodoro, 45/47, Araçatuba, São Paulo;1103;1;-;0.0178613790006025;Renda
60.551.924/0001-08;2025-06-30;2;Pernambucanas - Cubatão;Avenida Nove de Abril, 2.041, Cubatão, São Paulo;1671;1;-;0.0263620547373985;Renda
60.551.924/0001-08;2025-06-30;2;Pernambucanas - Goiânia;Avenida Anhanguera, 5.332, Goiânia, Goiás;2696;1;-;0.021706162167627;Renda
60.551.924/0001-08;2025-06-30;2;Pernambucanas - São Leopoldo;Rua Independência, 525, São Leopoldo, Rio Grande do Sul;1041;1;-;0.0391249254393993;Renda
60.868.732/0001-20;2025-06-30;1;Imóvel de Fortaleza;Avenida Jose Saboia, 905, Sem Complemento, Cais Do Porto, Fortaleza/CE, Brasil, 60180-480;13977.17;1;Direito de Propriedade;0.757804;Renda
