CNPJ_Fundo_Classe;Data_Referencia;Versao;Classe;Nome_Endereco_Imovel;Justificativa_Evolucao_Inferior_Previsto;Justificativa_Custo_Superior_Previsto
01.235.622/0001-61;2025-03-31;1;Imóveis para venda em construção;Glória Residencial;N.A.;N.A.
01.235.622/0001-61;2025-03-31;1;Imóveis para venda em construção;Arete Toriba - Toriba Sudoeste;N.A.;N.A.
01.235.622/0001-61;2025-03-31;1;Imóveis para venda em construção;Tiê Residencial;N.A.;N.A.
01.235.622/0001-61;2025-03-31;1;Imóveis para venda em construção;Zenture;N.A.;N.A.
01.235.622/0001-61;2025-03-31;1;Imóveis para venda em construção;All - Jardim Oceânico;N.A.;N.A.
01.235.622/0001-61;2025-03-31;1;Imóveis para venda em construção;Nurban;N.A.;N.A.
01.235.622/0001-61;2025-03-31;1;Imóveis para venda em construção;S Design;N.A.;N.A.
01.235.622/0001-61;2025-03-31;1;Imóveis para venda em construção;Lineu 708;N.A.;N.A.
01.235.622/0001-61;2025-06-30;1;Imóveis para venda em construção;Lineu 708;N.A.;N.A.
01.235.622/0001-61;2025-06-30;1;Imóveis para venda em construção;S Design;N.A.;N.A.
01.235.622/0001-61;2025-06-30;1;Imóveis para venda em construção;Glória Residencial;N.A.;N.A.
01.235.622/0001-61;2025-06-30;1;Imóveis para venda em construção;Zenture;N.A.;N.A.
01.235.622/0001-61;2025-06-30;1;Imóveis para venda em construção;Tiê Residencial;N.A.;N.A.
01.235.622/0001-61;2025-06-30;1;Imóveis para venda em construção;Nurban;N.A.;N.A.
01.235.622/0001-61;2025-06-30;1;Imóveis para venda em construção;Arete Toriba - Toriba Sudoeste;N.A.;N.A.
01.235.622/0001-61;2025-06-30;1;Imóveis para venda em construção;All - Jardim Oceânico;N.A.;N.A.
01.235.622/0001-61;2025-09-30;1;Imóveis para venda em construção;All - Jardim Oceânico;N.A.;N.A.
01.235.622/0001-61;2025-09-30;1;Imóveis para venda em construção;S Design;N.A.;N.A.
01.235.622/0001-61;2025-09-30;1;Imóveis para venda em construção;Nurban;N.A.;N.A.
01.235.622/0001-61;2025-09-30;1;Imóveis para venda em construção;Lineu 708;N.A.;N.A.
01.235.622/0001-61;2025-09-30;1;Imóveis para venda em construção;Arete Toriba - Toriba Sudoeste;N.A.;N.A.
01.235.622/0001-61;2025-09-30;1;Imóveis para venda em construção;Glória Residencial;N.A.;N.A.
01.235.622/0001-61;2025-09-30;1;Imóveis para venda em construção;Tiê Residencial;N.A.;N.A.
01.235.622/0001-61;2025-09-30;1;Imóveis para venda em construção;Zenture;N.A.;N.A.
01.235.622/0001-61;2025-12-31;1;Imóveis para venda em construção;GREEN PARK BARRA (Lt. 1 Fases - 1 e 2);n/a;n/a
01.235.622/0001-61;2025-12-31;1;Imóveis para venda em construção;SOROCABA 420, 422 E 436;n/a;n/a
01.235.622/0001-61;2025-12-31;1;Imóveis para venda em construção;RUA TONELERO, 61;n/a;n/a
01.235.622/0001-61;2025-12-31;1;Imóveis para venda em construção;SIQUEIRA CAMPOS, 37;n/a;n/a
01.235.622/0001-61;2025-12-31;1;Imóveis para venda em construção;NASCIMENTO SILVA 387 E REDENTOR 150;n/a;n/a
01.235.622/0001-61;2025-12-31;1;Imóveis para venda em construção;HOTEL GLORIA;n/a;n/a
01.235.622/0001-61;2025-12-31;1;Imóveis para venda em construção;HOMEM DE MELO - TIJUCA;n/a;n/a
01.235.622/0001-61;2025-12-31;1;Imóveis para venda em construção;BARAO DA TORRE, 662;n/a;n/a
01.235.622/0001-61;2025-12-31;1;Imóveis para venda em construção;MARIA QUITERIA 46 E PRUDENTE DE MORAIS 1050;n/a;n/a
01.235.622/0001-61;2025-12-31;1;Imóveis para renda em construção;PISCINA DE ONDAS;n/a;n/a
01.235.622/0001-61;2025-12-31;1;Imóveis para renda em construção;ARETE - MIRÁ CENTER (INSTITUTO DOMINUS);n/a;n/a
01.235.622/0001-61;2025-12-31;1;Imóveis para renda em construção;CASTELINHO - GLORIA;n/a;n/a
01.235.622/0001-61;2025-12-31;1;Imóveis para venda em construção;FERNANDES GUIMARAES 75, 79, 81;n/a;n/a
01.235.622/0001-61;2025-12-31;1;Imóveis para venda em construção;PRUDENTE DE MORAIS, 589;n/a;n/a
08.417.532/0001-30;2025-03-31;1;Imóveis para renda em construção;Expansão Lubrax;NA;NA
08.417.532/0001-30;2025-06-30;1;Imóveis para renda em construção;Expansão Lubrax;NA;NA
08.417.532/0001-30;2025-09-30;2;Imóveis para renda em construção;Expansão Lubrax;NA;NA
08.417.532/0001-30;2025-12-31;1;Imóveis para renda em construção;Expansão Lubrax;NA;NA
11.728.688/0001-47;2025-03-31;1;Imóveis para renda em construção;-;;
11.728.688/0001-47;2025-06-30;1;Imóveis para renda em construção;-;;
12.989.974/0001-29;2025-03-31;2;Imóveis para renda em construção;Pátio da Marítima Torre II;O início da construção pelo incorporador depende de condições mercadológicas;O FII PM não arca com custo de construção.
12.989.974/0001-29;2025-06-30;1;Imóveis para renda em construção;Pátio da Marítima Torre II;O início da construção pelo incorporador depende de condições mercadológicas;O FII PM não arca com custo de construção.
12.989.974/0001-29;2025-09-30;1;Imóveis para renda em construção;Pátio da Marítima Torre II;O início da construção pelo incorporador depende de condições mercadológicas;O FII PM não arca com custo de construção.
12.989.974/0001-29;2025-12-31;1;Imóveis para renda em construção;Pátio da Marítima Torre II;O início da construção pelo incorporador depende de condições mercadológicas;O FII PM não arca com custo de construção.
13.584.584/0001-31;2025-03-31;1;Imóveis para renda em construção;Não se aplica;Não se aplica;Não se aplica
13.584.584/0001-31;2025-06-30;1;Imóveis para renda em construção;Não se aplica;Não se aplica;Não se aplica
13.584.584/0001-31;2025-09-30;1;Imóveis para renda em construção;Não se Aplica;Não se Aplica;Não se Aplica
13.584.584/0001-31;2025-12-31;1;Imóveis para renda em construção;Não se Aplica;Não se Aplica;Não se Aplica
14.721.889/0001-00;2025-03-31;1;Imóveis para venda em construção;Crystal Blue;Atraso na contratação de serviços.;N.A.
14.721.889/0001-00;2025-03-31;1;Imóveis para venda em construção;Blanc 260;Replanejamento de cronograma;Antecipação de compra de mateiral.
14.721.889/0001-00;2025-03-31;1;Imóveis para venda em construção;Iluminato;Prazo de obra replanejado, após atraso no desmonte de rocha.;N.A.
14.721.889/0001-00;2025-03-31;1;Imóveis para venda em construção;Costa Mare;N.A.;N.A.
14.721.889/0001-00;2025-03-31;1;Imóveis para venda em construção;Highlight e Spotlight - Jardim Botafogo;Atraso na contratação de serviços.;N.A.
14.721.889/0001-00;2025-03-31;1;Imóveis para venda em construção;Aretê - Alto Ybirá;N.A.;N.A.
14.721.889/0001-00;2025-03-31;1;Imóveis para venda em construção;Aretê - Peninsula Norte;N.A.;N.A.
14.721.889/0001-00;2025-03-31;1;Imóveis para venda em construção;Maison Laranjeiras;Tarefas replanejadas;N.A.
14.721.889/0001-00;2025-03-31;1;Imóveis para venda em construção;The Gallery;N.A.;N.A.
14.721.889/0001-00;2025-06-30;1;Imóveis para venda em construção;Iluminato;Prazo de obra replanejado, após atraso no desmonte de rocha.;N.A.
14.721.889/0001-00;2025-06-30;1;Imóveis para venda em construção;Costa Mare;N.A.;N.A.
14.721.889/0001-00;2025-06-30;1;Imóveis para venda em construção;The Gallery;N.A.;N.A.
14.721.889/0001-00;2025-06-30;1;Imóveis para venda em construção;Aretê - Peninsula Norte;N.A.;N.A.
14.721.889/0001-00;2025-06-30;1;Imóveis para venda em construção;Aretê - Alto Ybirá;N.A.;N.A.
14.721.889/0001-00;2025-06-30;1;Imóveis para venda em construção;Highlight e Spotlight - Jardim Botafogo;Atraso na contratação de serviços.;N.A.
14.721.889/0001-00;2025-06-30;1;Imóveis para venda em construção;Maison Laranjeiras;Tarefas replanejadas;N.A.
14.721.889/0001-00;2025-06-30;1;Imóveis para venda em construção;Crystal Blue;Atraso na contratação de serviços.;N.A.
14.721.889/0001-00;2025-06-30;1;Imóveis para venda em construção;Blanc 260;Replanejamento de cronograma;Antecipação de compra de mateiral.
15.461.076/0001-91;2025-03-31;1;Imóveis para renda em construção;64 Unidades Standard no Hotel;;
15.461.076/0001-91;2025-03-31;1;Imóveis para renda em construção;51 Unidades Master no Hotel;;
15.461.076/0001-91;2025-03-31;1;Imóveis para renda em construção;3 Centros de Convenções no Hotel;;
15.461.076/0001-91;2025-03-31;1;Imóveis para renda em construção;19 un salas comerciais do THE ONE OFFICE TOWER TAUBATÉ;;
15.461.076/0001-91;2025-06-30;1;Imóveis para renda em construção;3 Centros de Convenções no Hotel;;
15.461.076/0001-91;2025-06-30;1;Imóveis para renda em construção;64 Unidades Standard no Hotel;;
15.461.076/0001-91;2025-06-30;1;Imóveis para renda em construção;51 Unidades Master no Hotel;;
15.461.076/0001-91;2025-06-30;1;Imóveis para renda em construção;18 un salas comerciais do THE ONE OFFICE TOWER TAUBATÉ;;
15.461.076/0001-91;2025-09-30;1;Imóveis para renda em construção;3 Centros de Convenções no Hotel;;
15.461.076/0001-91;2025-09-30;1;Imóveis para renda em construção;51 Unidades Master no Hotel;;
15.461.076/0001-91;2025-09-30;1;Imóveis para renda em construção;16 un salas comerciais do THE ONE OFFICE TOWER TAUBATÉ;;
15.461.076/0001-91;2025-09-30;1;Imóveis para renda em construção;64 Unidades Standard no Hotel;;
15.461.076/0001-91;2025-12-31;1;Imóveis para renda em construção;51 Unidades Master no Hotel;;
15.461.076/0001-91;2025-12-31;1;Imóveis para renda em construção;3 Centros de Convenções no Hotel;;
15.461.076/0001-91;2025-12-31;1;Imóveis para renda em construção;13 un salas comerciais do THE ONE OFFICE TOWER TAUBATÉ;;
15.461.076/0001-91;2025-12-31;1;Imóveis para renda em construção;64 Unidades Standard no Hotel;;
16.915.968/0001-88;2025-03-31;1;Imóveis para renda em construção;Corifeu;de acordo com o previsto;de acordo com o previsto
16.915.968/0001-88;2025-03-31;1;Imóveis para renda em construção;Paes de Barros;de acordo com o previsto;de acordo com o previsto
16.915.968/0001-88;2025-06-30;1;Imóveis para renda em construção;Paes de Barros;de acordo com o previsto;de acordo com o previsto
16.915.968/0001-88;2025-06-30;1;Imóveis para renda em construção;Corifeu;de acordo com o previsto;de acordo com o previsto
16.915.968/0001-88;2025-09-30;1;Imóveis para renda em construção;Corifeu;de acordo com o previsto;de acordo com o previsto
16.915.968/0001-88;2025-09-30;1;Imóveis para renda em construção;Paes de Barros;de acordo com o previsto;de acordo com o previsto
16.915.968/0001-88;2025-12-31;2;Imóveis para renda em construção;Paes de Barros;de acordo com o previsto;de acordo com o previsto
16.915.968/0001-88;2025-12-31;2;Imóveis para renda em construção;Corifeu;de acordo com o previsto;de acordo com o previsto
17.311.079/0001-74;2025-03-31;1;Imóveis para renda em construção;não se aplica;não se aplica;não se aplica
17.311.079/0001-74;2025-06-30;1;Imóveis para renda em construção;não se aplica;não se aplica;não se aplica
17.311.079/0001-74;2025-09-30;1;Imóveis para renda em construção;não se aplica;não se aplica;não se aplica
17.311.079/0001-74;2025-12-31;1;Imóveis para renda em construção;não se aplica;não se aplica;não se aplica
18.369.510/0001-04;2025-03-31;1;Imóveis para renda em construção;.;;
18.369.510/0001-04;2025-06-30;1;Imóveis para renda em construção;.;;
18.369.510/0001-04;2025-09-30;1;Imóveis para renda em construção;.;;
18.369.510/0001-04;2025-12-31;1;Imóveis para renda em construção;.;;
19.249.989/0001-08;2025-03-31;1;Imóveis para venda em construção;Não aplicável;Não aplicável;Não aplicável
19.249.989/0001-08;2025-06-30;1;Imóveis para venda em construção;Não aplicável;Não aplicável;Não aplicável
19.249.989/0001-08;2025-09-30;1;Imóveis para venda em construção;Não aplicável;Não aplicável;Não aplicável
19.249.989/0001-08;2025-12-31;1;Imóveis para venda em construção;Não aplicável;Não aplicável;Não aplicável
20.265.467/0001-70;2025-03-31;1;Imóveis para venda em construção;Informação não apresentada.;;
20.265.467/0001-70;2025-06-30;1;Imóveis para venda em construção;Informação não apresentada.;;
20.265.467/0001-70;2025-09-30;1;Imóveis para venda em construção;Não possui informação apresentada;Não possui informação apresentada;Não possui informação apresentada
20.265.467/0001-70;2025-12-31;1;Imóveis para venda em construção;Não possui informação apresentada;Não possui informação apresentada;Não possui informação apresentada
20.680.775/0001-62;2025-03-31;1;Imóveis para renda em construção;Condomínio Funchal 641;N/A;N/A
20.680.775/0001-62;2025-06-30;1;Imóveis para renda em construção;Condomínio Funchal 641;N/A;N/A
20.680.775/0001-62;2025-09-30;1;Imóveis para renda em construção;NA;NA;NA
21.085.863/0001-89;2025-03-31;1;Imóveis para renda em construção;Eldorado;N/A;
21.085.863/0001-89;2025-06-30;1;Imóveis para renda em construção;Eldorado;N/A;
21.085.863/0001-89;2025-09-30;1;Imóveis para renda em construção;Eldorado;N/A;
22.646.161/0001-90;2025-03-31;1;Imóveis para venda em construção;Frad.E - Unid. 201 - Bl 5 - Village Acqua;não aplicável;não aplicável
22.646.161/0001-90;2025-03-31;1;Imóveis para venda em construção;Frad.E - Unid. 201 - Bl 4 - Village Acqua;não aplicável;não aplicável
22.646.161/0001-90;2025-03-31;1;Imóveis para venda em construção;Frad.E - Unid. 202 - Bl 1 - Village Acqua;não aplicável;não aplicável
22.646.161/0001-90;2025-03-31;1;Imóveis para venda em construção;Frad.E - Unid. 101 - Bl 3 - Village Acqua;não aplicável;não aplicável
22.646.161/0001-90;2025-03-31;1;Imóveis para venda em construção;Frad.E - Unid. 102 - Bl 5 - Village Acqua;não aplicável;não aplicável
22.646.161/0001-90;2025-03-31;1;Imóveis para venda em construção;Frad.E - Unid. 101 - Bl 5 - Village Acqua;não aplicável;não aplicável
22.646.161/0001-90;2025-03-31;1;Imóveis para venda em construção;Frad.E - Unid. 202 - Bl 5 - Village Acqua;não aplicável;não aplicável
22.646.161/0001-90;2025-03-31;1;Imóveis para venda em construção;Frad.E - Unid. 301 - Bl 4 - Village Acqua;não aplicável;não aplicável
22.646.161/0001-90;2025-03-31;1;Imóveis para venda em construção;Frad.E - Unid. 101 - Bl 1 - Village Acqua;não aplicável;não aplicável
22.646.161/0001-90;2025-03-31;1;Imóveis para venda em construção;Frad.E - Unid. 202 - Bl 3 - Village Acqua;não aplicável;não aplicável
22.646.161/0001-90;2025-03-31;1;Imóveis para venda em construção;Frad.E - Unid. 102 - Bl 3 - Village Acqua;não aplicável;não aplicável
22.646.161/0001-90;2025-03-31;1;Imóveis para venda em construção;Frad.E - Unid. 202 - Bl 4 - Village Acqua;não aplicável;não aplicável
22.646.161/0001-90;2025-06-30;1;Imóveis para venda em construção;Frad.E - Unid. 202 - Bl 3 - Village Acqua;n/a;n/a
22.646.161/0001-90;2025-06-30;1;Imóveis para venda em construção;Frad.E - Unid. 202 - Bl 5 - Village Acqua;n/a;n/a
22.646.161/0001-90;2025-06-30;1;Imóveis para venda em construção;Frad.E - Unid. 201 - Bl 4 - Village Acqua;n/a;n/a
22.646.161/0001-90;2025-06-30;1;Imóveis para venda em construção;Frad.E - Unid. 301 - Bl 4 - Village Acqua;n/a;n/a
22.646.161/0001-90;2025-06-30;1;Imóveis para venda em construção;Frad.E - Unid. 101 - Bl 3 - Village Acqua;n/a;n/a
22.646.161/0001-90;2025-06-30;1;Imóveis para venda em construção;Frad.E - Unid. 101 - Bl 5 - Village Acqua;n/a;n/a
22.646.161/0001-90;2025-06-30;1;Imóveis para venda em construção;Frad.E - Unid. 202 - Bl 4 - Village Acqua;n/a;n/a
22.646.161/0001-90;2025-06-30;1;Imóveis para venda em construção;Frad.E - Unid. 102 - Bl 3 - Village Acqua;n/a;n/a
22.646.161/0001-90;2025-06-30;1;Imóveis para venda em construção;Frad.E - Unid. 101 - Bl 1 - Village Acqua;n/a;n/a
22.646.161/0001-90;2025-06-30;1;Imóveis para venda em construção;Frad.E - Unid. 201 - Bl 5 - Village Acqua;n/a;n/a
22.646.161/0001-90;2025-06-30;1;Imóveis para venda em construção;Frad.E - Unid. 202 - Bl 1 - Village Acqua;n/a;n/a
22.646.161/0001-90;2025-06-30;1;Imóveis para venda em construção;Frad.E - Unid. 102 - Bl 5 - Village Acqua;n/a;n/a
22.646.161/0001-90;2025-09-30;1;Imóveis para venda em construção;Frad.E - Unid. 102 - Bl 3 - Village Acqua;n/a;n/a
22.646.161/0001-90;2025-09-30;1;Imóveis para venda em construção;Frad.E - Unid. 202 - Bl 4 - Village Acqua;n/a;n/a
22.646.161/0001-90;2025-09-30;1;Imóveis para venda em construção;Frad.E - Unid. 201 - Bl 5 - Village Acqua;n/a;n/a
22.646.161/0001-90;2025-09-30;1;Imóveis para venda em construção;Frad.E - Unid. 202 - Bl 1 - Village Acqua;n/a;n/a
22.646.161/0001-90;2025-09-30;1;Imóveis para venda em construção;Frad.E - Unid. 201 - Bl 4 - Village Acqua;n/a;n/a
22.646.161/0001-90;2025-09-30;1;Imóveis para venda em construção;Frad.E - Unid. 101 - Bl 1 - Village Acqua;n/a;n/a
22.646.161/0001-90;2025-09-30;1;Imóveis para venda em construção;Frad.E - Unid. 202 - Bl 3 - Village Acqua;n/a;n/a
22.646.161/0001-90;2025-09-30;1;Imóveis para venda em construção;Frad.E - Unid. 102 - Bl 5 - Village Acqua;n/a;n/a
22.646.161/0001-90;2025-09-30;1;Imóveis para venda em construção;Frad.E - Unid. 101 - Bl 3 - Village Acqua;n/a;n/a
22.646.161/0001-90;2025-09-30;1;Imóveis para venda em construção;Frad.E - Unid. 101 - Bl 5 - Village Acqua;n/a;n/a
22.646.161/0001-90;2025-09-30;1;Imóveis para venda em construção;Frad.E - Unid. 202 - Bl 5 - Village Acqua;n/a;n/a
22.646.161/0001-90;2025-09-30;1;Imóveis para venda em construção;Frad.E - Unid. 301 - Bl 4 - Village Acqua;n/a;n/a
22.646.161/0001-90;2025-12-31;1;Imóveis para venda em construção;Frad.E - Unid. 101 - Bl 5 - Village Acqua;n/a;n/a
22.646.161/0001-90;2025-12-31;1;Imóveis para venda em construção;Frad.E - Unid. 102 - Bl 3 - Village Acqua;n/a;n/a
22.646.161/0001-90;2025-12-31;1;Imóveis para venda em construção;Frad.E - Unid. 301 - Bl 4 - Village Acqua;n/a;n/a
22.646.161/0001-90;2025-12-31;1;Imóveis para venda em construção;Frad.E - Unid. 102 - Bl 5 - Village Acqua;n/a;n/a
22.646.161/0001-90;2025-12-31;1;Imóveis para venda em construção;Frad.E - Unid. 101 - Bl 3 - Village Acqua;n/a;n/a
22.646.161/0001-90;2025-12-31;1;Imóveis para venda em construção;Frad.E - Unid. 101 - Bl 1 - Village Acqua;n/a;n/a
22.646.161/0001-90;2025-12-31;1;Imóveis para venda em construção;Frad.E - Unid. 202 - Bl 4 - Village Acqua;n/a;n/a
22.646.161/0001-90;2025-12-31;1;Imóveis para venda em construção;Frad.E - Unid. 202 - Bl 5 - Village Acqua;n/a;n/a
22.646.161/0001-90;2025-12-31;1;Imóveis para venda em construção;Frad.E - Unid. 202 - Bl 3 - Village Acqua;n/a;n/a
22.646.161/0001-90;2025-12-31;1;Imóveis para venda em construção;Frad.E - Unid. 202 - Bl 1 - Village Acqua;n/a;n/a
22.646.161/0001-90;2025-12-31;1;Imóveis para venda em construção;Frad.E - Unid. 201 - Bl 4 - Village Acqua;n/a;n/a
22.646.161/0001-90;2025-12-31;1;Imóveis para venda em construção;Frad.E - Unid. 201 - Bl 5 - Village Acqua;n/a;n/a
23.964.843/0001-03;2025-03-31;1;Imóveis para venda em construção;TER_TUMIARU;N/A;N/A
23.964.843/0001-03;2025-06-30;1;Imóveis para venda em construção;TER_TUMIARU;N/A;N/A
23.964.843/0001-03;2025-09-30;1;Imóveis para venda em construção;TER_TUMIARU;N/A;N/A
24.514.406/0001-50;2025-06-30;1;Imóveis para venda em construção;-;-;-
24.514.406/0001-50;2025-09-30;1;Imóveis para venda em construção;-;-;-
24.514.406/0001-50;2025-12-31;1;Imóveis para venda em construção;-;-;-
24.853.044/0001-22;2025-09-30;1;Imóveis para renda em construção;n/a;n/a;n/a
24.853.044/0001-22;2025-12-31;1;Imóveis para renda em construção;n/a;n/a;n/a
26.502.794/0001-85;2025-03-31;1;Imóveis para renda em construção;Especulativo Extrema;Detalhes explicados acima.;Detalhes explicados acima.
26.502.794/0001-85;2025-06-30;1;Imóveis para renda em construção;Especulativo Extrema;Detalhes explicados acima.;Detalhes explicados acima.
27.368.617/0001-10;2025-03-31;1;Imóveis para renda em construção;Informação não apresentada.;;
27.368.617/0001-10;2025-06-30;1;Imóveis para renda em construção;Informação não apresentada.;;
27.368.617/0001-10;2025-09-30;1;Imóveis para renda em construção;Não possui informação apresentada;Não possui informação apresentada;Não possui informação apresentada
27.538.477/0001-81;2025-03-31;1;Imóveis para venda em construção;Não há informação apresentada;Não há informação apresentada;Não há informação apresentada
27.538.477/0001-81;2025-06-30;1;Imóveis para venda em construção;Não há informação apresentada;Não há informação apresentada;Não há informação apresentada
27.538.477/0001-81;2025-09-30;1;Imóveis para venda em construção;Não possui informação apresentada;Não possui informação apresentada;Não possui informação apresentada
27.538.477/0001-81;2025-12-31;1;Imóveis para venda em construção;Não possui informação apresentada;Não possui informação apresentada;Não possui informação apresentada
28.548.288/0001-52;2025-03-31;1;Imóveis para renda em construção;n/a;n/a;n/a
28.548.288/0001-52;2025-06-30;1;Imóveis para renda em construção;n/a;n/a;n/a
28.548.288/0001-52;2025-09-30;1;Imóveis para renda em construção;n/a;n/a;n/a
28.548.288/0001-52;2025-12-31;1;Imóveis para renda em construção;n/a;n/a;n/a
30.017.492/0001-99;2025-03-31;1;Imóveis para renda em construção;.;;
30.017.492/0001-99;2025-03-31;1;Imóveis para renda em construção;.;.;.
30.017.492/0001-99;2025-06-30;1;Imóveis para renda em construção;.;.;.
30.017.492/0001-99;2025-06-30;1;Imóveis para renda em construção;.;;
30.017.492/0001-99;2025-09-30;1;Imóveis para renda em construção;.;.;.
30.017.492/0001-99;2025-12-31;1;Imóveis para renda em construção;.;.;.
30.258.790/0001-70;2025-03-31;1;Imóveis para renda em construção;Não se aplica;Não se aplica;Não se aplica
30.258.790/0001-70;2025-06-30;1;Imóveis para renda em construção;Não se aplica;Não se aplica;Não se aplica
30.258.790/0001-70;2025-09-30;1;Imóveis para renda em construção;Não se aplica;Não se aplica;Não se aplica
30.258.790/0001-70;2025-12-31;2;Imóveis para renda em construção;Não se aplica;Não se aplica;Não se aplica
31.152.015/0001-07;2025-03-31;1;Imóveis para renda em construção;Não há informação apresentada;Não há informação apresentada;Não há informação apresentada
31.152.015/0001-07;2025-06-30;1;Imóveis para renda em construção;Não há informação apresentada;Não há informação apresentada;Não há informação apresentada
31.152.015/0001-07;2025-09-30;1;Imóveis para renda em construção;Não há informação apresentada;Não há informação apresentada;Não há informação apresentada
31.152.015/0001-07;2025-12-31;1;Imóveis para renda em construção;Não há informação apresentada;Não há informação apresentada;Não há informação apresentada
31.161.410/0001-48;2025-03-31;1;Imóveis para venda em construção;Não aplicável;;
31.161.410/0001-48;2025-06-30;1;Imóveis para venda em construção;Não aplicável;;
31.161.410/0001-48;2025-09-30;1;Imóveis para venda em construção;Não aplicável;Não aplicável;Não aplicável
31.161.410/0001-48;2025-12-31;1;Imóveis para venda em construção;Não aplicável;Não aplicável;Não aplicável
32.274.197/0001-43;2025-03-31;1;Imóveis para venda em construção;N/D;N/D;N/D
32.274.197/0001-43;2025-06-30;1;Imóveis para venda em construção;N/D;N/D;N/D
32.274.553/0001-29;2025-03-31;1;Imóveis para renda em construção;N/A;N/A;N/A
32.274.553/0001-29;2025-06-30;1;Imóveis para renda em construção;N/A;N/A;N/A
32.388.168/0001-02;2025-06-30;1;Imóveis para venda em construção;não se aplica;;
32.388.168/0001-02;2025-09-30;1;Imóveis para venda em construção;não se aplica;-;-
32.388.168/0001-02;2025-12-31;1;Imóveis para venda em construção;não se aplica;-;-
33.842.871/0001-01;2025-03-31;1;Imóveis para renda em construção;JEQUIÉ;N/A;N/A
33.842.871/0001-01;2025-03-31;1;Imóveis para renda em construção;BARREIRAS - BA;N/A;N/A
33.842.871/0001-01;2025-03-31;1;Imóveis para renda em construção;NOSSA SENHORA DO SOCORRO;N/A;N/A
33.842.871/0001-01;2025-06-30;1;Imóveis para renda em construção;JEQUIÉ;N/A;N/A
33.842.871/0001-01;2025-06-30;1;Imóveis para renda em construção;BARREIRAS - BA;N/A;N/A
33.842.871/0001-01;2025-06-30;1;Imóveis para renda em construção;NOSSA SENHORA DO SOCORRO;N/A;N/A
33.842.871/0001-01;2025-09-30;1;Imóveis para renda em construção;JEQUIÉ;N/A;N/A
33.842.871/0001-01;2025-09-30;1;Imóveis para renda em construção;NOSSA SENHORA DO SOCORRO;N/A;N/A
33.842.871/0001-01;2025-09-30;1;Imóveis para renda em construção;BARREIRAS - BA;N/A;N/A
33.842.871/0001-01;2025-12-31;2;Imóveis para renda em construção;JEQUIÉ;N/A;N/A
33.842.871/0001-01;2025-12-31;2;Imóveis para renda em construção;NOSSA SENHORA DO SOCORRO;N/A;N/A
33.842.871/0001-01;2025-12-31;2;Imóveis para renda em construção;BARREIRAS - BA;N/A;N/A
33.884.197/0001-28;2025-03-31;1;Imóveis para renda em construção;.;.;.
33.884.197/0001-28;2025-06-30;1;Imóveis para renda em construção;.;.;.
33.884.197/0001-28;2025-09-30;1;Imóveis para renda em construção;.;.;.
33.884.197/0001-28;2025-12-31;1;Imóveis para renda em construção;.;.;.
34.081.631/0001-02;2025-03-31;1;Imóveis para venda em construção;Informação não apresentada;Informação não apresentada;Informação não apresentada
34.081.631/0001-02;2025-06-30;1;Imóveis para venda em construção;Informação não apresentada;Informação não apresentada;Informação não apresentada
34.895.711/0001-93;2025-03-31;1;Imóveis para venda em construção;ALPHACASTELLO;n/a;n/a
34.895.711/0001-93;2025-06-30;1;Imóveis para venda em construção;ALPHACASTELLO;n/a;n/a
34.895.711/0001-93;2025-09-30;1;Imóveis para venda em construção;ALPHACASTELLO;n/a;n/a
34.895.711/0001-93;2025-12-31;1;Imóveis para venda em construção;ALPHACASTELLO;n/a;n/a
34.895.752/0001-80;2025-03-31;1;Imóveis para venda em construção;SEBASTIAO PAES (BRIO III) 50%;N/A;N/A
34.895.752/0001-80;2025-06-30;1;Imóveis para venda em construção;SEBASTIAO PAES (BRIO III) 50%;N/A;N/A
35.360.651/0001-77;2025-03-31;1;Imóveis para venda em construção;BULHÕES DE CARVALHO;n/a;n/a
35.360.651/0001-77;2025-03-31;1;Imóveis para venda em construção;LEOPOLDO MIGUEZ;n/a;n/a
35.360.651/0001-77;2025-03-31;1;Imóveis para venda em construção;RARO;n/a;n/a
35.360.651/0001-77;2025-03-31;1;Imóveis para venda em construção;ANIBAL;n/a;n/a
35.360.651/0001-77;2025-03-31;1;Imóveis para venda em construção;GOMES CARNEIRO;n/a;n/a
35.360.651/0001-77;2025-06-30;1;Imóveis para venda em construção;ANIBAL;n/a;n/a
35.360.651/0001-77;2025-06-30;1;Imóveis para venda em construção;RARO;n/a;n/a
35.360.651/0001-77;2025-06-30;1;Imóveis para venda em construção;BULHÕES DE CARVALHO;n/a;n/a
35.360.651/0001-77;2025-06-30;1;Imóveis para venda em construção;LEOPOLDO MIGUEZ;n/a;n/a
35.360.651/0001-77;2025-06-30;1;Imóveis para venda em construção;GOMES CARNEIRO;n/a;n/a
35.360.651/0001-77;2025-09-30;1;Imóveis para venda em construção;ANIBAL;n/a;n/a
35.360.651/0001-77;2025-09-30;1;Imóveis para venda em construção;RARO;n/a;n/a
35.360.651/0001-77;2025-09-30;1;Imóveis para venda em construção;LEOPOLDO MIGUEZ;n/a;n/a
35.360.651/0001-77;2025-09-30;1;Imóveis para venda em construção;GOMES CARNEIRO;n/a;n/a
35.360.651/0001-77;2025-09-30;1;Imóveis para venda em construção;BULHÕES DE CARVALHO;n/a;n/a
35.360.651/0001-77;2025-12-31;1;Imóveis para venda em construção;PAUL REFERN, 32/36/40;n/a;n/a
35.360.651/0001-77;2025-12-31;1;Imóveis para venda em construção;VISCONDE DE OURO PRETO, 67;n/a;n/a
35.360.651/0001-77;2025-12-31;1;Imóveis para venda em construção;LEOPOLDO MIGUEZ 10;n/a;n/a
35.360.651/0001-77;2025-12-31;1;Imóveis para venda em construção;GOMES CARNEIRO, 30/32;n/a;n/a
35.360.651/0001-77;2025-12-31;1;Imóveis para venda em construção;BULHÕES DE CARVALHO 396;n/a;n/a
35.360.651/0001-77;2025-12-31;1;Imóveis para venda em construção;PRUDENTE DE MORAIS, 1356;n/a;n/a
35.652.174/0001-13;2025-03-31;1;Imóveis para venda em construção;Kalea Jardins;Não se aplica;Não se aplica
35.652.174/0001-13;2025-06-30;1;Imóveis para venda em construção;Kalea Jardins;Não se aplica;Não se aplica
35.652.174/0001-13;2025-09-30;1;Imóveis para venda em construção;Kalea Jardins;não se aplica;não se aplica
35.652.174/0001-13;2025-12-31;1;Imóveis para venda em construção;Kalea Jardins;Não se aplica;Não se aplica
35.725.659/0001-90;2025-03-31;1;Imóveis para renda em construção;COND COM QUINTINO BOCAIUVA;A obra não iniciou, está em fase de aprovação de projeto na prefeitura protocolado em fev/2021.;Não se aplica.
35.725.659/0001-90;2025-06-30;1;Imóveis para renda em construção;COND COM QUINTINO BOCAIUVA;A obra não iniciou, está em fase de aprovação de projeto na prefeitura protocolado em fev/2021.;Não se aplica.
35.725.659/0001-90;2025-09-30;1;Imóveis para renda em construção;COND COM QUINTINO BOCAIUVA;A obra não iniciou, está em fase de aprovação de projeto na prefeitura protocolado em fev/2021.;Não se aplica.
35.725.659/0001-90;2025-12-31;1;Imóveis para renda em construção;COND COM QUINTINO BOCAIUVA;A obra não iniciou, está em fase de aprovação de projeto na prefeitura protocolado em fev/2021.;Não se aplica.
36.673.421/0001-20;2025-03-31;1;Imóveis para venda em construção;Não há;Não há;Não há
36.673.421/0001-20;2025-06-30;1;Imóveis para venda em construção;Não há;Não há;Não há
38.293.897/0001-61;2025-03-31;1;Imóveis para venda em construção;Jardim Petrella Brooklin;Não Aplicável;Não Aplicável
38.293.897/0001-61;2025-06-30;1;Imóveis para venda em construção;Jardim Petrella Brooklin;Não Aplicável;Não Aplicável
38.293.897/0001-61;2025-09-30;1;Imóveis para venda em construção;Jardim Petrella Brooklin;Não Aplicável;Não Aplicável
38.293.897/0001-61;2025-12-31;1;Imóveis para venda em construção;Jardim Petrella Brooklin;Não se aplica;Não se aplica
39.347.413/0001-82;2025-03-31;1;Imóveis para renda em construção;Hospital Unimed Campina Grande;Em 20/02/2025 havíamos informado que o novo cronograma apresentado pela construtora o qual previa a conclusão da obra em 28/02/2025 dificilmente seria cumprido, como de fato não foi.  De acordo com a Gerenciadora da obra, o avanço físico em 31/05/2025 era de 99,6% e a expectativa para conclusão da obra passou a ser 30/04/2025.  O que ocorre é que existem diversas pendências que precisam ser sanadas pela Construtora para que a obra posse ser efetivamente concluída.;Em 21/11/2023 foi formalizado o 2 anditamento ao contrato de construção para formalizar o acordo por meio do qual a UNIMED CAMPINA GRANDE assumiu a responsabilidade pelo pagamento de um custo adicional no valor de R$ 12.000.000,00. O valor adicional foi pleiteado pela construtora alegando que o orçamento por ela apresentado continha erros, de sua exclusiva responsabilidade, mas que para viabilizar a conclusão da obra seria necessário o pagamento do custo adicional. Além disso, afirmou que durante a execução da obra identificou a necessidade de alterações de projetos motivadas por incompatibilidades, o que também estaria impactando no custo da  obra. O valor do custo adicional será pago pela UNIMED diretamente aos fornecedores de materias e serviços para obra, não impactando o fluxo de caixa do Fundo.  Quanto ao desvio entre o avanço físico e o avanço financeiro, é importante destacar que tal desvio decorre da contratação de insumos por meio de faturamento direto. .
39.591.218/0001-01;2025-12-31;1;Imóveis para venda em construção;ESTOQUE;Informação não apresentada;Informação não apresentada
40.010.015/0001-55;2025-03-31;1;Imóveis para renda em construção;informação não apresentada;informação não apresentada;informação não apresentada
40.010.015/0001-55;2025-06-30;1;Imóveis para renda em construção;informação não apresentada;informação não apresentada;informação não apresentada
40.010.015/0001-55;2025-09-30;1;Imóveis para renda em construção;Não possui informação apresentada;Não possui informação apresentada;Não possui informação apresentada
40.010.015/0001-55;2025-12-31;1;Imóveis para renda em construção;Não possui informação apresentada;Não possui informação apresentada;Não possui informação apresentada
40.041.723/0001-53;2025-03-31;1;Imóveis para renda em construção;Cyrela For You;Não se aplica;Não se aplica
40.041.723/0001-53;2025-03-31;1;Imóveis para renda em construção;Cyrela On The Parc By Yoo;Não se aplica;Não se aplica
40.041.723/0001-53;2025-03-31;1;Imóveis para renda em construção;Iconyc;Não se aplica;Não se aplica
40.041.723/0001-53;2025-03-31;1;Imóveis para renda em construção;Atmosfera Vila Mariana;Não se aplica;Não se aplica
40.041.723/0001-53;2025-06-30;1;Imóveis para renda em construção;Atmosfera Vila Mariana;Não se aplica;Não se aplica
40.041.723/0001-53;2025-06-30;1;Imóveis para renda em construção;Iconyc;Não se aplica;Não se aplica
40.041.723/0001-53;2025-06-30;1;Imóveis para renda em construção;Cyrela On The Parc By Yoo;Não se aplica;Não se aplica
40.041.723/0001-53;2025-06-30;1;Imóveis para renda em construção;Cyrela For You;Não se aplica;Não se aplica
40.041.723/0001-53;2025-09-30;2;Imóveis para renda em construção;Atmosfera Vila Mariana;Não se aplica;Não se aplica
41.081.336/0001-03;2025-03-31;1;Imóveis para renda em construção;n/a;n/a;n/a
41.081.336/0001-03;2025-06-30;1;Imóveis para renda em construção;n/a;n/a;n/a
41.081.336/0001-03;2025-09-30;2;Imóveis para renda em construção;n/a;n/a;n/a
41.081.336/0001-03;2025-12-31;2;Imóveis para renda em construção;n/a;n/a;n/a
41.081.356/0001-84;2025-03-31;1;Imóveis para venda em construção;Avenida Indianópolis, 70 Moema;N/A;N/A
41.081.356/0001-84;2025-06-30;1;Imóveis para venda em construção;Avenida Indianópolis, 70 Moema;N/A;N/A
41.081.356/0001-84;2025-09-30;1;Imóveis para venda em construção;Avenida Indianópolis, 70 Moema;N/A;N/A
41.081.356/0001-84;2025-12-31;1;Imóveis para venda em construção;Avenida Indianópolis, 70 Moema;N/A;N/A
41.088.458/0001-21;2025-03-31;1;Imóveis para venda em construção;Kalea Jardins;Não se aplica;Não se aplica
41.088.458/0001-21;2025-06-30;1;Imóveis para venda em construção;Kalea Jardins;Não se aplica;Não se aplica
41.088.458/0001-21;2025-09-30;1;Imóveis para venda em construção;Kalea Jardins;Não se aplica;Não se aplica
41.088.458/0001-21;2025-12-31;1;Imóveis para venda em construção;Kalea Jardins;Não se aplica;Não se aplica
41.114.606/0001-35;2025-03-31;1;Imóveis para renda em construção;Hospital Unimed Maceió;Por meio do Fato Relevante (FR) divulgado em 25/11/2024 havíamos informado quanto ao impasse envolvendo a aprovação dos pleitos de aditivos apresentados pela construtora que, após analisados pela Gerenciadora da obra foram enviados para aprovação da Unimed Maceió. Posteriormente em 06/12/2024 divulgamos novo FR informando sobre a formalização de um acordo de Standstill, no período de 02/12/2024 até 28/02/2025 ("Período de Standstill"), com o objetivo de permitir que as Partes entrem em consenso quanto às responsabilidades pelos pleitos apresentados pela Construtora. Ocorre que apesar de avanços na análise dos pleitos restaram pendentes diversas questões sem consenso entre a partes. Assim, em 10/04/2025 divulgamos FR informando que o acordo de Standstill não foi renovado e que o Fundo está mantendo tratativas com a construtora com o objetivo de garantir a continuidade da obra e minimizar eventuais prejuízos decorrentes do atraso. Na oportunidade também informamos que a construtora apresentou novo cronograma com previsão de entrega da obra em 28/08/2026. A Administradora em conjunto com sua assessoria jurídica, está avaliando as melhores alternativas para possibilitar um entendimento entre as partes envolvidas e viabilizar a conclusão do projeto dentro do novo cronograma previsto, zelando pela segurança jurídica, viabilidade financeira e pelo melhor interesse dos cotistas. Manteremos o mercado informado sobre os próximos desdobramentos.;Não se aplica
41.114.606/0001-35;2025-06-30;1;Imóveis para renda em construção;Hospital Unimed Maceió;Conforme informado em relatórios anteriores, o ritimo da obra está impactado pela discussão envolvendo os pleitos de aditivo apresentados pela construtora. Para tratar do tema, em 17/06/25 foi realizada um AGE, na qual os cotistas aprovaram a emissão de de cotas no valor de R$ 33.064mil sendo que deste montante, R$ 16MM será utilizados para pagamento dos pleitos urgentes. Também houve integralização de R$ 1,8MM por parte de a Unimed Maceió, para liberação de pleitos considerador prioritários para retomada da obra. Ademais, foi concedido um prazo para avaliação de medidas de reengenharia de obra e para obtensão do consendo para os demais pleitos apresentados pela construtora. Cabe ainda esclarecer que a construtora apresentou um novo cronograma com prazo de entrega da obra em 29/03/2027. No entanto, tal prazo ainda não foi formalizado pelas partes, motivo pelo qual as informações do item anterior ainda estão baseadzas no cronogram anterior com prazo de término da obra em setmbro/2025. Prazo que não mais será atingido.;Não se aplica
41.114.606/0001-35;2025-09-30;1;Imóveis para renda em construção;Não se aplica;Não se aplica;Não se aplica
41.114.606/0001-35;2025-12-31;2;Imóveis para renda em construção;Não se aplica;Não se aplica;Não se aplica
41.325.993/0001-59;2025-03-31;1;Imóveis para venda em construção;não se aplica;;
41.325.993/0001-59;2025-06-30;1;Imóveis para venda em construção;não se aplica;;
41.325.993/0001-59;2025-09-30;1;Imóveis para venda em construção;não se aplica;;
41.325.993/0001-59;2025-12-31;1;Imóveis para venda em construção;não se aplica;;
41.833.876/0001-04;2025-12-31;1;Imóveis para renda em construção;n/a;n/a;n/a
41.978.154/0001-30;2025-03-31;2;Imóveis para venda em construção;GRAND QUARTIER;N/A;N/A
41.978.154/0001-30;2025-06-30;2;Imóveis para venda em construção;GRAND QUARTIER;N/A;N/A
41.978.154/0001-30;2025-09-30;1;Imóveis para venda em construção;GRAND QUARTIER;N/A;N/A
41.978.154/0001-30;2025-12-31;1;Imóveis para venda em construção;GRAND QUARTIER;N/A;N/A
42.273.290/0001-97;2025-03-31;1;Imóveis para venda em construção;PRUDENTE 786;n/a;n/a
42.273.290/0001-97;2025-03-31;1;Imóveis para venda em construção;Dona Delfina;n/a;n/a
42.273.290/0001-97;2025-03-31;1;Imóveis para venda em construção;Vista Ipanema;n/a;n/a
42.273.290/0001-97;2025-03-31;1;Imóveis para venda em construção;Alma Ipanema;n/a;n/a
42.273.290/0001-97;2025-06-30;1;Imóveis para venda em construção;Dona Delfina;n/a;n/a
42.273.290/0001-97;2025-06-30;1;Imóveis para venda em construção;PRUDENTE 786;n/a;n/a
42.273.290/0001-97;2025-06-30;1;Imóveis para venda em construção;Alma Ipanema;n/a;n/a
42.273.290/0001-97;2025-06-30;1;Imóveis para venda em construção;Vista Ipanema;n/a;n/a
42.273.290/0001-97;2025-09-30;1;Imóveis para venda em construção;Vista Ipanema;n/a;n/a
42.273.290/0001-97;2025-09-30;1;Imóveis para venda em construção;Dona Delfina;n/a;n/a
42.273.290/0001-97;2025-09-30;1;Imóveis para venda em construção;Alma Ipanema;n/a;n/a
42.273.290/0001-97;2025-09-30;1;Imóveis para venda em construção;PRUDENTE 786;n/a;n/a
42.273.290/0001-97;2025-12-31;1;Imóveis para venda em construção;ALMA IPANEMA;n/a;n/a
42.273.290/0001-97;2025-12-31;1;Imóveis para venda em construção;PRUDENTE 786;n/a;n/a
42.273.290/0001-97;2025-12-31;1;Imóveis para venda em construção;VISTA IPANEMA;n/a;n/a
42.537.540/0001-59;2025-09-30;1;Imóveis para renda em construção;Empreendimento Peninsula - Loja A;Não se aplica;Não se aplica
42.537.540/0001-59;2025-09-30;1;Imóveis para renda em construção;Empreendimento Peninsula - Loja B;Não se aplica;Não se aplica
42.537.540/0001-59;2025-09-30;1;Imóveis para renda em construção;Empreendimento Peninsula - Loja C;Não se aplica;Não se aplica
42.537.540/0001-59;2025-09-30;1;Imóveis para renda em construção;Empreendimento Peninsula - Loja D;Não se aplica;Não se aplica
42.537.540/0001-59;2025-12-31;1;Imóveis para renda em construção;Empreendimento Peninsula - Loja B;Não se aplica;Não se aplica
42.537.540/0001-59;2025-12-31;1;Imóveis para renda em construção;Empreendimento Peninsula - Loja A;Não se aplica;Não se aplica
42.537.540/0001-59;2025-12-31;1;Imóveis para renda em construção;Empreendimento Peninsula - Loja C;Não se aplica;Não se aplica
42.537.540/0001-59;2025-12-31;1;Imóveis para renda em construção;Empreendimento Peninsula - Loja D;Não se aplica;Não se aplica
42.869.892/0001-01;2025-03-31;1;Imóveis para venda em construção;GUARAMOMIS;N/A;N/A
42.869.892/0001-01;2025-06-30;1;Imóveis para venda em construção;GUARAMOMIS;N/A;N/A
42.869.892/0001-01;2025-09-30;1;Imóveis para venda em construção;GUARAMOMIS;N/A;N/A
42.869.892/0001-01;2025-12-31;1;Imóveis para venda em construção;GUARAMOMIS;N/A;N/A
43.617.647/0001-70;2025-03-31;1;Imóveis para renda em construção;não se aplica;não se aplica;não se aplica
43.617.647/0001-70;2025-06-30;1;Imóveis para renda em construção;não se aplica;não se aplica;não se aplica
43.617.647/0001-70;2025-09-30;1;Imóveis para renda em construção;não se aplica;não se aplica;não se aplica
43.617.647/0001-70;2025-12-31;1;Imóveis para renda em construção;não se aplica;não se aplica;não se aplica
43.862.625/0001-75;2025-03-31;1;Imóveis para venda em construção;Basílio 177;Até outubro/23 foram realizados serviços preliminares de demolição e desmontagem interna, por se tratar de um retrofit. Tais serviços não foram contemplados no percentual de evolução física de obra. O início de obras ocorreu em novembro/23, conforme previsto. Devido à compatibilização de determinadas etapas dos projetos executivos, e devido a ajustes no efetivo de mão de obra entre o final de 2024 e início de 2025 (período de festas e férias) foi necessário o replanejamento de alguns serviços, de forma que a evolução física ficou abaixo do previsto. O replanejamento contempla a compensação de tal defasagem de forma que o prazo de entrega da obra será mantido. O Habite-se está previsto para julho-agosto/25, sendo que há serviços gerais previstos para conclusão nos meses subsequentes ao habite-se.;NÃO INCORRERAM CUSTOS SUPERIORES AO PREVISTO.A evolução física não inclui a demolição. Porém, por uma questão de planejamento e acompanhamento de fluxo de caixa, a evoluçõo dos custos acima indicada inclui os custos de demolição.
43.862.625/0001-75;2025-06-30;1;Imóveis para venda em construção;Basílio 177;Até outubro/23 foram realizados serviços preliminares de demolição e desmontagem interna, por se tratar de um retrofit. Tais serviços não foram contemplados no percentual de evolução física de obra. O início de obras ocorreu em novembro/23, conforme previsto. Devido à compatibilização de determinadas etapas dos projetos executivos, e devido a ajustes no efetivo de mão de obra entre o final de 2024 e início de 2025 (período de festas e férias) foi necessário o replanejamento de alguns serviços, de forma que a evolução física ficou abaixo do previsto. O replanejamento contempla a compensação de tal defasagem de forma que o prazo de entrega da obra será mantido. O Habite-se está previsto para agosto-setembro/25, sendo que há serviços gerais previstos para conclusão nos meses subsequentes ao habite-se.;Não incorreram custos superiores ao previsto. A evolução fisica não inclui a demolição. Porém, por uma questão de planejamento e acompanhamento de fluxo de caixa, a evolução dos custos acima indicada inclui os custos de demolição
43.862.625/0001-75;2025-09-30;1;Imóveis para venda em construção;Basílio 177;Até outubro/23 foram realizados serviços preliminares de demolição e desmontagem interna, por se tratar de um retrofit. Tais serviços não foram contemplados no percentual de evolução física de obra. O início de obras ocorreu em novembro/23, conforme previsto. Devido à compatibilização de determinadas etapas dos projetos executivos, e devido a ajustes no efetivo de mão de obra entre o final de 2024 e início de 2025 (período de festas e férias) foi necessário o replanejamento de alguns serviços, de forma que a evolução física ficou abaixo do previsto. O replanejamento contempla a compensação de tal defasagem de forma que o prazo do habite-se ficou mantido. O Habite-se foi emitido em agosto-2025.Estão em fase de finalização as obras das áreas comuns e serviços de acabamento.;Não incorreram custos superiores ao previsto.
43.862.625/0001-75;2025-12-31;1;Imóveis para venda em construção;Basílio 177;Até outubro/23 foram realizados serviços preliminares de demolição e desmontagem interna, por se tratar de um retrofit. Tais serviços não foram contemplados no percentual de evolução física de obra. O início de obras ocorreu em novembro/23, conforme previsto. Devido à compatibilização de determinadas etapas dos projetos executivos, e devido a ajustes no efetivo de mão de obra entre o final de 2024 e início de 2025 (período de festas e férias) foi necessário o replanejamento de alguns serviços, de forma que a evolução física ficou abaixo do previsto. O replanejamento contempla a compensação de tal defasagem de forma que o prazo do habite-se ficou mantido. O Habite-se foi emitido em agosto-2025.Estão em fase de finalização de serviços relacionados às áreas comuns e serviços de acabamento.As vistorias para entrega das unidades e os processos de repasse junto ao agente financeiro estão em andamento.;O valor previsto para conclusão da obra até novembro/2025 era de R$ 87.825.696,61.A atualização é decorrente de ajuste inflacionário e de serviços adicionais que se fizeram necessários.
44.674.528/0001-11;2025-12-31;1;Imóveis para renda em construção;Não possui informação apresentada;Não possui informação apresentada;Não possui informação apresentada
45.188.099/0001-35;2025-12-31;1;Imóveis para venda em construção;Não aplicável;Não aplicável;Não aplicável
46.157.348/0001-98;2025-03-31;1;Imóveis para renda em construção;YOUR OSCAR FREIRE;n/a;n/a
46.157.348/0001-98;2025-03-31;1;Imóveis para renda em construção;PATTEO KLABIN;n/a;n/a
46.157.348/0001-98;2025-03-31;1;Imóveis para renda em construção;HELBOR VILA OLIMPIA HOME & STY;n/a;n/a
46.157.348/0001-98;2025-06-30;1;Imóveis para renda em construção;YOUR OSCAR FREIRE;n/a;n/a
46.157.348/0001-98;2025-06-30;1;Imóveis para renda em construção;HELBOR VILA OLIMPIA HOME & STY;n/a;n/a
46.157.348/0001-98;2025-06-30;1;Imóveis para renda em construção;PATTEO KLABIN;n/a;n/a
46.157.348/0001-98;2025-09-30;2;Imóveis para renda em construção;PATTEO KLABIN;n/a;n/a
46.157.348/0001-98;2025-09-30;2;Imóveis para renda em construção;HELBOR VILA OLIMPIA HOME & STY;n/a;n/a
46.157.348/0001-98;2025-09-30;2;Imóveis para renda em construção;YOUR OSCAR FREIRE;n/a;n/a
46.157.348/0001-98;2025-12-31;2;Imóveis para renda em construção;YOUR OSCAR FREIRE;n/a;n/a
46.157.348/0001-98;2025-12-31;2;Imóveis para renda em construção;PATTEO KLABIN;n/a;n/a
47.136.369/0001-90;2025-03-31;1;Imóveis para venda em construção;Basílio, 177;Até outubro/2023 foram realizados serviços preliminares de demolição e desmontagem interna, por se tratar de um retrofit. Tais serviços não foram contemplados no percentual de evolução física de obra. O início de obras ocorreu em novembro/2023, conforme previsto. Devido à compatibilização de determinadas etapas dos projetos executivos, foi necessário o replanejamento de alguns serviços, de forma que a evolução física ficou abaixo do previsto. O replanejamento contempla a compensação de tal defasagem nos meses subsequentes. O prazo de entrega da obra será mantido.;Não incorreram custos superiores ao previsto. A evolução fisica não inclui a demolição. Porém, por uma questão de planejamento e acompanhamento de fluxo de caixa, a evolução dos custos acima indicada inclui os custos de demolição
47.136.369/0001-90;2025-06-30;1;Imóveis para venda em construção;Basílio, 177;Até outubro/23 foram realizados serviços preliminares de demolição e desmontagem interna, por se tratar de um retrofit. Tais serviços não foram contemplados no percentual de evolução física de obra. O início de obras ocorreu em novembro/23, conforme previsto. Devido à compatibilização de determinadas etapas dos projetos executivos, e devido a ajustes no efetivo de mão de obra entre o final de 2024 e início de 2025 (período de festas e férias) foi necessário o replanejamento de alguns serviços, de forma que a evolução física ficou abaixo do previsto. O replanejamento contempla a compensação de tal defasagem de forma que o prazo de entrega da obra será mantido. O Habite-se está previsto para agosto-setembro/25, sendo que há serviços gerais previstos para conclusão nos meses subsequentes ao habite-se.;Não incorreram custos superiores ao previsto. A evolução fisica não inclui a demolição. Porém, por uma questão de planejamento e acompanhamento de fluxo de caixa, a evolução dos custos acima indicada inclui os custos de demolição
47.136.369/0001-90;2025-09-30;1;Imóveis para venda em construção;Basílio 177;Até outubro/23 foram realizados serviços preliminares de demolição e desmontagem interna, por se tratar de um retrofit. Tais serviços não foram contemplados no percentual de evolução física de obra. O início de obras ocorreu em novembro/23, conforme previsto. Devido à compatibilização de determinadas etapas dos projetos executivos, e devido a ajustes no efetivo de mão de obra entre o final de 2024 e início de 2025 (período de festas e férias) foi necessário o replanejamento de alguns serviços, de forma que a evolução física ficou abaixo do previsto. O replanejamento contempla a compensação de tal defasagem de forma que o prazo do habite-se ficou mantido. O Habite-se foi emitido em agosto-2025.Estão em fase de finalização as obras das áreas comuns e serviços de acabamento.;Não incorreram custos superiores ao previsto.
47.136.369/0001-90;2025-12-31;1;Imóveis para venda em construção;Basílio 177;Até outubro/23 foram realizados serviços preliminares de demolição e desmontagem interna, por se tratar de um retrofit. Tais serviços não foram contemplados no percentual de evolução física de obra. O início de obras ocorreu em novembro/23, conforme previsto. Devido à compatibilização de determinadas etapas dos projetos executivos, e devido a ajustes no efetivo de mão de obra entre o final de 2024 e início de 2025 (período de festas e férias) foi necessário o replanejamento de alguns serviços, de forma que a evolução física ficou abaixo do previsto. O replanejamento contempla a compensação de tal defasagem de forma que o prazo do habite-se ficou mantido. O Habite-se foi emitido em agosto-2025.Estão em fase de finalização de serviços relacionados às áreas comuns e serviços de acabamento.As vistorias para entrega das unidades e os processos de repasse junto ao agente financeiro estão em andamento.;O valor previsto para conclusão da obra até novembro/2025 era de R$ 87.825.696,61.A atualização é decorrente de ajuste inflacionário e de serviços adicionais que se fizeram necessários.
50.399.189/0001-05;2025-03-31;1;Imóveis para venda em construção;N/A;N/A;N/A
50.399.189/0001-05;2025-06-30;1;Imóveis para venda em construção;N/A;N/A;N/A
50.569.855/0001-06;2025-03-31;1;Imóveis para renda em construção;n/a;n/a;n/a
50.569.855/0001-06;2025-06-30;1;Imóveis para renda em construção;n/a;n/a;n/a
50.686.473/0001-62;2025-06-30;1;Imóveis para venda em construção;Informação não apresentada;Informação não apresentada;Informação não apresentada
50.686.473/0001-62;2025-09-30;1;Imóveis para venda em construção;Não possui imformação apresentada;Não possui imformação apresentada;Não possui imformação apresentada
50.686.473/0001-62;2025-12-31;1;Imóveis para venda em construção;Não possui imformação apresentada;Não possui imformação apresentada;Não possui imformação apresentada
50.750.438/0001-65;2025-03-31;1;Imóveis para venda em construção;You Oscar - Unidades 2201;N/A;N/A
50.750.438/0001-65;2025-03-31;1;Imóveis para venda em construção;You Oscar - Unidades 2801;N/A;N/A
50.750.438/0001-65;2025-03-31;1;Imóveis para venda em construção;You Oscar - Unidades 2402;N/A;N/A
50.750.438/0001-65;2025-03-31;1;Imóveis para venda em construção;You Oscar - Unidades 2601;N/A;N/A
50.750.438/0001-65;2025-09-30;1;Imóveis para venda em construção;You Oscar - Unidades 2402;n/a;n/a
50.750.438/0001-65;2025-09-30;1;Imóveis para venda em construção;Moma Moema - Unidade 534C;n/a;n/a
50.750.438/0001-65;2025-09-30;1;Imóveis para venda em construção;Moma Moema - Unidade 2201B;n/a;n/a
50.750.438/0001-65;2025-09-30;1;Imóveis para venda em construção;Moma Moema - Unidade 635C;n/a;n/a
50.750.438/0001-65;2025-09-30;1;Imóveis para venda em construção;You Oscar - Unidades 2801;n/a;n/a
50.750.438/0001-65;2025-09-30;1;Imóveis para venda em construção;Moma Moema - Unidade 2102B;n/a;n/a
50.750.438/0001-65;2025-09-30;1;Imóveis para venda em construção;Moma Moema - Unidade 229C;n/a;n/a
50.750.438/0001-65;2025-09-30;1;Imóveis para venda em construção;Moma Moema - Unidade 631C;n/a;n/a
50.750.438/0001-65;2025-09-30;1;Imóveis para venda em construção;Moma Moema - Unidade 530C;;
50.750.438/0001-65;2025-09-30;1;Imóveis para venda em construção;Moma Moema - Unidade 530C;n/a;n/a
50.750.438/0001-65;2025-09-30;1;Imóveis para venda em construção;Moma Moema - Unidade 528C;n/a;n/a
50.750.438/0001-65;2025-09-30;1;Imóveis para venda em construção;Moma Moema - Unidade 633C;n/a;n/a
50.750.438/0001-65;2025-09-30;1;Imóveis para venda em construção;You Oscar - Unidades 2201;n/a;n/a
50.750.438/0001-65;2025-09-30;1;Imóveis para venda em construção;Moma Moema - Unidade 226C;n/a;n/a
50.750.438/0001-65;2025-09-30;1;Imóveis para venda em construção;Moma Moema - Unidade 1802B;n/a;n/a
50.750.438/0001-65;2025-09-30;1;Imóveis para venda em construção;Moma Moema - Unidade 328C;n/a;n/a
50.750.438/0001-65;2025-09-30;1;Imóveis para venda em construção;Moma Moema - Unidade 531C;n/a;n/a
50.750.438/0001-65;2025-09-30;1;Imóveis para venda em construção;Moma Moema - Unidade 632C;n/a;n/a
50.750.438/0001-65;2025-09-30;1;Imóveis para venda em construção;Moma Moema - Unidade 1902B;n/a;n/a
50.750.438/0001-65;2025-09-30;1;Imóveis para venda em construção;Moma Moema - Unidade 228C;n/a;n/a
50.750.438/0001-65;2025-09-30;1;Imóveis para venda em construção;Moma Moema - Unidade 624C;n/a;n/a
50.750.438/0001-65;2025-09-30;1;Imóveis para venda em construção;Moma Moema - Unidade 330C;n/a;n/a
50.750.438/0001-65;2025-09-30;1;Imóveis para venda em construção;You Oscar - Unidades 2601;n/a;n/a
50.750.438/0001-65;2025-09-30;1;Imóveis para venda em construção;Moma Moema - Unidade 643C;n/a;n/a
50.750.438/0001-65;2025-12-31;1;Imóveis para venda em construção;You Oscar - Unidades 2402;N/A;N/A
50.750.438/0001-65;2025-12-31;1;Imóveis para venda em construção;You Oscar - Unidades 2601;N/A;N/A
50.750.438/0001-65;2025-12-31;1;Imóveis para venda em construção;You Oscar - Unidades 2801;N/A;N/A
50.750.438/0001-65;2025-12-31;1;Imóveis para venda em construção;You Oscar - Unidades 2201;N/A;N/A
50.876.919/0001-11;2025-03-31;1;Imóveis para renda em construção;APTO 1201;evolucao conforme o previsto;custos conforme previsto
50.876.919/0001-11;2025-03-31;1;Imóveis para renda em construção;APTO 501 TORRE 4;evolucao conforme o previsto;custos conforme previsto
50.876.919/0001-11;2025-03-31;1;Imóveis para renda em construção;APTO 501 TORRE 2;evolucao conforme o previsto;custos conforme previsto
50.876.919/0001-11;2025-03-31;1;Imóveis para renda em construção;APTO 1902 TORRE 3;evolucao conforme o previsto;custos conforme previsto
50.876.919/0001-11;2025-03-31;1;Imóveis para renda em construção;APTO 302 TORRE 2;evolucao conforme o previsto;custos conforme previsto
50.876.919/0001-11;2025-03-31;1;Imóveis para renda em construção;APTO 1203 TORRE 2;evolucao conforme o previsto;custos conforme previsto
50.876.919/0001-11;2025-03-31;1;Imóveis para renda em construção;APTO  702 TIPO 2;evolucao conforme o previsto;custos conforme previsto
50.876.919/0001-11;2025-03-31;1;Imóveis para renda em construção;APTO 502 TORRE 2;evolucao conforme o previsto;custos conforme previsto
50.876.919/0001-11;2025-06-30;1;Imóveis para renda em construção;APTO 501 TORRE 2;evolucao conforme o previsto;custos conforme previsto
50.876.919/0001-11;2025-06-30;1;Imóveis para renda em construção;APTO 1201;evolucao conforme o previsto;custos conforme previsto
50.876.919/0001-11;2025-06-30;1;Imóveis para renda em construção;APTO 1203 TORRE 2;evolucao conforme o previsto;custos conforme previsto
50.876.919/0001-11;2025-06-30;1;Imóveis para renda em construção;APTO  702 TIPO 2;evolucao conforme o previsto;custos conforme previsto
50.876.919/0001-11;2025-06-30;1;Imóveis para renda em construção;APTO 501 TORRE 4;evolucao conforme o previsto;custos conforme previsto
50.876.919/0001-11;2025-06-30;1;Imóveis para renda em construção;APTO 1902 TORRE 3;evolucao conforme o previsto;custos conforme previsto
50.876.919/0001-11;2025-06-30;1;Imóveis para renda em construção;APTO 302 TORRE 2;evolucao conforme o previsto;custos conforme previsto
50.876.919/0001-11;2025-06-30;1;Imóveis para renda em construção;APTO 502 TORRE 2;evolucao conforme o previsto;custos conforme previsto
50.876.919/0001-11;2025-09-30;1;Imóveis para renda em construção;APTO 1902 TORRE 3;EVOLUÇÃO CONFORME PREVISTO;CUSTOS CONFORME PREVISTO
50.876.919/0001-11;2025-09-30;1;Imóveis para renda em construção;APTO 1201;EVOLUÇÃO CONFORME PREVISTO;CUSTOS CONFORME PREVISTO
50.876.919/0001-11;2025-09-30;1;Imóveis para renda em construção;APTO 501 TORRE 2;EVOLUÇÃO CONFORME PREVISTO;CUSTOS CONFORME PREVISTO
50.876.919/0001-11;2025-09-30;1;Imóveis para renda em construção;APTO 302 TORRE 2;EVOLUÇÃO CONFORME PREVISTO;CUSTOS CONFORME PREVISTO
50.876.919/0001-11;2025-09-30;1;Imóveis para renda em construção;APTO 502 TORRE 2;EVOLUÇÃO CONFORME PREVISTO;CUSTOS CONFORME PREVISTO
50.876.919/0001-11;2025-09-30;1;Imóveis para renda em construção;APTO  702 TIPO 2;EVOLUÇÃO CONFORME PREVISTO;CUSTOS CONFORME PREVISTO
50.876.919/0001-11;2025-09-30;1;Imóveis para renda em construção;APTO 501 TORRE 4;EVOLUÇÃO CONFORME PREVISTO;CUSTOS CONFORME PREVISTO
50.876.919/0001-11;2025-09-30;1;Imóveis para renda em construção;APTO 1203 TORRE 2;EVOLUÇÃO CONFORME PREVISTO;CUSTOS CONFORME PREVISTO
50.957.247/0001-79;2025-03-31;1;Imóveis para renda em construção;ESTRADA DO GANCHINHO;N/A;N/A
50.957.247/0001-79;2025-03-31;1;Imóveis para renda em construção;ANITA GARIBALDI;N/A;N/A
50.957.247/0001-79;2025-03-31;1;Imóveis para renda em construção;AV PORTUGAL;N/A;N/A
50.957.247/0001-79;2025-03-31;1;Imóveis para renda em construção;XV NOVEMBRO - RIO NEGRO;N/A;N/A
50.957.247/0001-79;2025-03-31;1;Imóveis para renda em construção;JOAO_LUIZ_M_COUTINHO;N/A;N/A
50.957.247/0001-79;2025-06-30;1;Imóveis para renda em construção;AV PORTUGAL;N/A;N/A
50.957.247/0001-79;2025-06-30;1;Imóveis para renda em construção;ANITA GARIBALDI;N/A;N/A
50.957.247/0001-79;2025-06-30;1;Imóveis para renda em construção;ESTRADA DO GANCHINHO;N/A;N/A
50.957.247/0001-79;2025-06-30;1;Imóveis para renda em construção;XV NOVEMBRO - RIO NEGRO;N/A;N/A
50.957.247/0001-79;2025-06-30;1;Imóveis para renda em construção;JOAO_LUIZ_M_COUTINHO;N/A;N/A
50.957.247/0001-79;2025-09-30;1;Imóveis para renda em construção;AV PORTUGAL;N/A;N/A
50.957.247/0001-79;2025-09-30;1;Imóveis para renda em construção;ESTRADA DO GANCHINHO;N/A;N/A
50.957.247/0001-79;2025-09-30;1;Imóveis para renda em construção;XV NOVEMBRO - RIO NEGRO;N/A;N/A
50.957.247/0001-79;2025-09-30;1;Imóveis para renda em construção;ANITA GARIBALDI;N/A;N/A
50.957.247/0001-79;2025-09-30;1;Imóveis para renda em construção;JOAO_LUIZ_M_COUTINHO;N/A;N/A
50.957.247/0001-79;2025-12-31;2;Imóveis para renda em construção;JOAO_LUIZ_M_COUTINHO;N/A;N/A
50.957.247/0001-79;2025-12-31;2;Imóveis para renda em construção;ESTRADA DO GANCHINHO;N/A;N/A
50.957.247/0001-79;2025-12-31;2;Imóveis para renda em construção;AV PORTUGAL;N/A;N/A
50.957.247/0001-79;2025-12-31;2;Imóveis para renda em construção;ANITA GARIBALDI;N/A;N/A
50.957.247/0001-79;2025-12-31;2;Imóveis para renda em construção;XV NOVEMBRO - RIO NEGRO;N/A;N/A
51.472.985/0001-99;2025-06-30;1;Imóveis para renda em construção;N/A;N/A;N/A
51.472.985/0001-99;2025-06-30;1;Imóveis para venda em construção;N/A;N/A;N/A
51.802.350/0001-02;2025-12-31;1;Imóveis para venda em construção;Não aplicável;Não aplicável;Não aplicável
51.870.412/0001-13;2025-03-31;1;Imóveis para venda em construção;Varandas Joy - Realiza;Pequeno atraso em relação ao cronograma, porém recuperável. Período chuvoso dificultou execução de terraplanagem e fundações.;N/A
51.870.412/0001-13;2025-03-31;1;Imóveis para venda em construção;Coral Gables - Vetter;Obra replanejada;Obra adiantada
51.870.412/0001-13;2025-03-31;1;Imóveis para venda em construção;Seven Living - Maximo Aldana;Atraso em função de período chuvoso - obra em fase de fundação e escavação;N/A
51.870.412/0001-13;2025-03-31;1;Imóveis para venda em construção;Residencial Aquarela Habitat;N/A;Obra adiantada.
51.870.412/0001-13;2025-03-31;1;Imóveis para venda em construção;Green View - Patrimônio;A construtora replanejou a obra, postergando a entrega final para 31/10/2025, dentro do prazo máximo de tolerância;N/A
51.870.412/0001-13;2025-03-31;1;Imóveis para venda em construção;Residencial Habitat Zoe;Atraso é reflexo do início tardio da obra (30 dias após o previsto), refletindo no andamento normal.;N/A
51.870.412/0001-13;2025-03-31;1;Imóveis para venda em construção;Haia Boa Vista - GRM;Em novembro, refletindo a partir de dezembro, a construtora replanejou o cronograma da obra com objetivo em manter o prazo de entrega.;N/A
51.870.412/0001-13;2025-03-31;1;Imóveis para venda em construção;Icon Residenc Club - Longitude;N/A;N/A
51.870.412/0001-13;2025-03-31;1;Imóveis para venda em construção;Gafisa - Evolve Vila Mariana;Obra teve dificuldade de execução na estrutura, prejudicando avanço nas demais etapas.;N/A
51.870.412/0001-13;2025-03-31;1;Imóveis para venda em construção;Vista Madalena By You, Inc;O atraso é devido à dificuldade de montagem e concretagem das grandes áreas de embasamento do emrpeendimento.;N/A
51.870.412/0001-13;2025-03-31;1;Imóveis para venda em construção;Edifício Gibran;Obra em finalização. Atraso ocorreu por lentidão em execução de concretagem que não foi recuperada ao longo da obra.;N/A
51.870.412/0001-13;2025-03-31;1;Imóveis para venda em construção;Derby Central - Max Plural;O atraso é reflexo de início tardio de execução das fundações, agravado pelo baixo desempenho em dezembro em função do calendário reduzido (festas de fim de ano).;N/A
51.870.412/0001-13;2025-03-31;1;Imóveis para venda em construção;Condomínio Wish 675 - EBM;Obra iniciada com atraso de 60 dias.;N/A
51.870.412/0001-13;2025-03-31;1;Imóveis para venda em construção;Residencial Vida Habitat;N/A;Obra concluída
51.870.412/0001-13;2025-03-31;1;Imóveis para venda em construção;Residencial Aldana Jardim - Maximo Aldana;N/A;N/A
51.870.412/0001-13;2025-03-31;1;Imóveis para venda em construção;José Antonio Bortolotto - MGB;O atraso da obra é devido ao longo período chuvoso na região, o que paralisou a concretagem, consequentemente desmontagem e montagem das formas das edificações seguintes.;N/A
51.870.412/0001-13;2025-03-31;1;Imóveis para venda em construção;Unlimited - Oscar Freire - Youi, Inc;N/A;Obra adiantada.
51.870.412/0001-13;2025-03-31;1;Imóveis para venda em construção;Stillo Barra - AGER;A defasagem entre o total previsto e realizado é reflexo das dificuldades iniciais para remoção de desmonte de rochas no terreno, não recuperado ao longo da obra.;N/A
51.870.412/0001-13;2025-03-31;1;Imóveis para venda em construção;Sky Pinheiros - AAM;N/A;
51.870.412/0001-13;2025-03-31;1;Imóveis para venda em construção;Duo Living Complex - Catamarã;Pequeno atraso em relação ao cronograma, mas recuperável nesse estágio da obra;N/A
51.870.412/0001-13;2025-06-30;1;Imóveis para venda em construção;Edifício Gibran;Obra em finalização. Atraso ocorreu por lentidão em execução de concretagem que não foi recuperada ao longo da obra.;N/A
51.870.412/0001-13;2025-06-30;1;Imóveis para venda em construção;Unlimited - Oscar Freire - Youi, Inc;N/A;Obra adiantada.
51.870.412/0001-13;2025-06-30;1;Imóveis para venda em construção;Seven Living - Maximo Aldana;Atraso em função de período chuvoso - obra em fase de fundação e escavação;N/A
51.870.412/0001-13;2025-06-30;1;Imóveis para venda em construção;Condomínio Wish 675 - EBM;Obra iniciada com atraso de 60 dias.;N/A
51.870.412/0001-13;2025-06-30;1;Imóveis para venda em construção;Derby Central - Max Plural;O atraso é reflexo de início tardio de execução das fundações, agravado pelo baixo desempenho em dezembro em função do calendário reduzido (festas de fim de ano).;N/A
51.870.412/0001-13;2025-06-30;1;Imóveis para venda em construção;Coral Gables - Vetter;Obra replanejada;Obra adiantada
51.870.412/0001-13;2025-06-30;1;Imóveis para venda em construção;Residencial Aldana Jardim - Maximo Aldana;N/A;N/A
51.870.412/0001-13;2025-06-30;1;Imóveis para venda em construção;Sky Pinheiros - AAM;N/A;
51.870.412/0001-13;2025-06-30;1;Imóveis para venda em construção;Icon Residenc Club - Longitude;N/A;N/A
51.870.412/0001-13;2025-06-30;1;Imóveis para venda em construção;Stillo Barra - AGER;A defasagem entre o total previsto e realizado é reflexo das dificuldades iniciais para remoção de desmonte de rochas no terreno, não recuperado ao longo da obra.;N/A
51.870.412/0001-13;2025-06-30;1;Imóveis para venda em construção;Patriani Mirai Suzano;N/A;N/A
51.870.412/0001-13;2025-06-30;1;Imóveis para venda em construção;Gafisa - Evolve Vila Mariana;Obra teve dificuldade de execução na estrutura, prejudicando avanço nas demais etapas.;N/A
51.870.412/0001-13;2025-06-30;1;Imóveis para venda em construção;Residencial Habitat Zoe;Atraso é reflexo do início tardio da obra (30 dias após o previsto), refletindo no andamento normal.;N/A
51.870.412/0001-13;2025-06-30;1;Imóveis para venda em construção;José Antonio Bortolotto - MGB;O atraso da obra é devido ao longo período chuvoso na região, o que paralisou a concretagem, consequentemente desmontagem e montagem das formas das edificações seguintes.;N/A
51.870.412/0001-13;2025-06-30;1;Imóveis para venda em construção;Green View - Patrimônio;A construtora replanejou a obra, postergando a entrega final para 31/10/2025, dentro do prazo máximo de tolerância;N/A
51.870.412/0001-13;2025-06-30;1;Imóveis para venda em construção;Duo Living Complex - Catamarã;Pequeno atraso em relação ao cronograma, mas recuperável nesse estágio da obra;N/A
51.870.412/0001-13;2025-06-30;1;Imóveis para venda em construção;Haia Boa Vista - GRM;Em novembro, refletindo a partir de dezembro, a construtora replanejou o cronograma da obra com objetivo em manter o prazo de entrega.;N/A
51.870.412/0001-13;2025-06-30;1;Imóveis para venda em construção;Vista Madalena By You, Inc;O atraso é devido à dificuldade de montagem e concretagem das grandes áreas de embasamento do emrpeendimento.;N/A
51.870.412/0001-13;2025-06-30;1;Imóveis para venda em construção;Varandas Joy - Realiza;Pequeno atraso em relação ao cronograma, porém recuperável. Período chuvoso dificultou execução de terraplanagem e fundações.;N/A
51.870.412/0001-13;2025-09-30;1;Imóveis para venda em construção;Green View - Patrimônio;A construtora replanejou a obra, postergando a entrega final para 31/10/2025, dentro do prazo máximo de tolerância;N/A
51.870.412/0001-13;2025-09-30;1;Imóveis para venda em construção;Duo Living Complex - Catamarã;N/A;Obra adiantada.
51.870.412/0001-13;2025-09-30;1;Imóveis para venda em construção;Varandas Joy - Realiza;Pequeno atraso em relação ao cronograma, porém recuperável. Período chuvoso dificultou execução de terraplanagem e fundações.;N/A
51.870.412/0001-13;2025-09-30;1;Imóveis para venda em construção;Haia Boa Vista - GRM;Em novembro, refletindo a partir de dezembro, a construtora replanejou o cronograma da obra com objetivo em manter o prazo de entrega.;N/A
51.870.412/0001-13;2025-09-30;1;Imóveis para venda em construção;Patriani Mirai Suzano;N/A;N/A
51.870.412/0001-13;2025-09-30;1;Imóveis para venda em construção;Derby Central - Max Plural;O atraso é reflexo de início tardio de execução das fundações, agravado pelo baixo desempenho em dezembro em função do calendário reduzido (festas de fim de ano).;N/A
51.870.412/0001-13;2025-09-30;1;Imóveis para venda em construção;Coral Gables - Vetter;N/A;N/A
51.870.412/0001-13;2025-09-30;1;Imóveis para venda em construção;Seven Living - Maximo Aldana;N/A;N/A
51.870.412/0001-13;2025-09-30;1;Imóveis para venda em construção;Unlimited - Oscar Freire - Youi, Inc;N/A;Obra adiantada.
51.870.412/0001-13;2025-09-30;1;Imóveis para venda em construção;José Antonio Bortolotto - MGB;O atraso da obra é devido ao longo período chuvoso na região, o que paralisou a concretagem, consequentemente desmontagem e montagem das formas das edificações seguintes.;N/A
51.870.412/0001-13;2025-09-30;1;Imóveis para venda em construção;Daxo - Res. Rhodes;N/A;N/A
51.870.412/0001-13;2025-09-30;1;Imóveis para venda em construção;Gafisa - Evolve Vila Mariana;Obra teve dificuldade de execução na estrutura, prejudicando avanço nas demais etapas.;N/A
51.870.412/0001-13;2025-09-30;1;Imóveis para venda em construção;Vista Madalena By You, Inc;O atraso é devido à dificuldade de montagem e concretagem das grandes áreas de embasamento do emrpeendimento.;N/A
51.870.412/0001-13;2025-09-30;1;Imóveis para venda em construção;Sky Pinheiros - AAM;N/A;N/A
51.870.412/0001-13;2025-09-30;1;Imóveis para venda em construção;Residencial Aldana Jardim - Maximo Aldana;N/A;N/A
51.870.412/0001-13;2025-09-30;1;Imóveis para venda em construção;Stillo Barra - AGER;A defasagem entre o total previsto e realizado é reflexo das dificuldades iniciais para remoção de desmonte de rochas no terreno, não recuperado ao longo da obra.;N/A
51.870.412/0001-13;2025-09-30;1;Imóveis para venda em construção;Condomínio Wish 675 - EBM;Obra iniciada com atraso de 60 dias.;N/A
51.870.412/0001-13;2025-09-30;1;Imóveis para venda em construção;Icon Residenc Club - Longitude;N/A;N/A
51.870.412/0001-13;2025-09-30;1;Imóveis para venda em construção;Habitat - Casa Laguna;N/A;N/A
51.870.412/0001-13;2025-09-30;1;Imóveis para venda em construção;Residencial Habitat Zoe;Atraso é reflexo do início tardio da obra (30 dias após o previsto), refletindo no andamento normal.;N/A
51.870.412/0001-13;2025-12-31;2;Imóveis para venda em construção;Unlimited - Oscar Freire - Youi, Inc;N/A;Obra adiantada.
51.870.412/0001-13;2025-12-31;2;Imóveis para venda em construção;Residencial Aldana Jardim - Maximo Aldana;N/A;N/A
51.870.412/0001-13;2025-12-31;2;Imóveis para venda em construção;Gafisa - Evolve Vila Mariana;Obra teve dificuldade de execução na estrutura, prejudicando avanço nas demais etapas.;N/A
51.870.412/0001-13;2025-12-31;2;Imóveis para venda em construção;Longitude - Vibe Itaim;N/A;N/A
51.870.412/0001-13;2025-12-31;2;Imóveis para venda em construção;Residencial Habitat Zoe;N/A;N/A
51.870.412/0001-13;2025-12-31;2;Imóveis para venda em construção;Vista Madalena By You, Inc;O atraso é devido à dificuldade de montagem e concretagem das grandes áreas de embasamento do empreendimento.;N/A
51.870.412/0001-13;2025-12-31;2;Imóveis para venda em construção;Icon Residenc Club - Longitude;N/A;N/A
51.870.412/0001-13;2025-12-31;2;Imóveis para venda em construção;CK - Artefacto;N/A;N/A
51.870.412/0001-13;2025-12-31;2;Imóveis para venda em construção;Habitat - Casa Laguna;N/A;N/A
51.870.412/0001-13;2025-12-31;2;Imóveis para venda em construção;Habitat - Liberta;N/A;N/A
51.870.412/0001-13;2025-12-31;2;Imóveis para venda em construção;José Antonio Bortolotto - MGB;N/A;N/A
51.870.412/0001-13;2025-12-31;2;Imóveis para venda em construção;Duo Living Complex - Catamarã;N/A;Obra adiantada.
51.870.412/0001-13;2025-12-31;2;Imóveis para venda em construção;Daxo - Res. Rhodes;N/A;N/A
51.870.412/0001-13;2025-12-31;2;Imóveis para venda em construção;Varandas Joy - Realiza;Pequeno atraso em relação ao cronograma, porém recuperável.;N/A
51.870.412/0001-13;2025-12-31;2;Imóveis para venda em construção;Seven Living - Maximo Aldana;N/A;N/A
51.870.412/0001-13;2025-12-31;2;Imóveis para venda em construção;Condomínio Wish 675 - EBM;Obra iniciada com atraso de 60 dias.;N/A
51.870.412/0001-13;2025-12-31;2;Imóveis para venda em construção;Derby Central - Max Plural;O atraso é reflexo de início tardio de execução das fundações, agravado pelo baixo desempenho em dezembro em função do calendário reduzido (festas de fim de ano).;N/A
51.870.412/0001-13;2025-12-31;2;Imóveis para venda em construção;Haia Boa Vista - GRM;Em novembro, refletindo a partir de dezembro, a construtora replanejou o cronograma da obra com objetivo em manter o prazo de entrega.;N/A
52.324.762/0001-47;2025-03-31;1;Imóveis para renda em construção;0;0;0
52.324.762/0001-47;2025-06-30;1;Imóveis para renda em construção;0;0;0
53.072.782/0001-30;2025-06-30;1;Imóveis para renda em construção;-;-;-
53.072.782/0001-30;2025-09-30;1;Imóveis para renda em construção;-;-;-
53.072.782/0001-30;2025-12-31;1;Imóveis para renda em construção;-;-;-
53.127.942/0001-00;2025-09-30;1;Imóveis para renda em construção;Empreendimento SPGM;N/A;N/A
53.251.006/0001-06;2025-03-31;1;Imóveis para renda em construção;Casa Jardins Jaú;A evolução está ocorrendo conforme o previsto;A evolução está ocorrendo conforme o previsto
53.251.006/0001-06;2025-06-30;1;Imóveis para renda em construção;Casa Jardins Jaú;A evolução está ocorrendo conforme o previsto;A evolução está ocorrendo conforme o previsto
53.645.729/0001-81;2025-06-30;1;Imóveis para venda em construção;Rua Enxovia - Vila São Francisco - São Paulo,;n/a;n/a
53.645.729/0001-81;2025-06-30;1;Imóveis para venda em construção;Rua Otto Boehm - Joinville -SC;n/a;n/a
53.645.729/0001-81;2025-06-30;1;Imóveis para venda em construção;Rua Funchal, nº 65, Vila Olímpia, São Paulo/SP;n/a;n/a
53.866.393/0001-87;2025-09-30;1;Imóveis para venda em construção;TER_TUMIARU;N/A;N/A
54.386.365/0001-25;2025-09-30;1;Imóveis para renda em construção;APTO 302 TORRE 2;CONSTRUÇÃO PREVISTA;CUSTOS PREVISTOS
54.386.365/0001-25;2025-09-30;1;Imóveis para renda em construção;APTO  702 TIPO 2;CONSTRUÇÃO PREVISTA;CUSTOS PREVISTOS
54.386.365/0001-25;2025-09-30;1;Imóveis para renda em construção;APTO 1902 TORRE 3;CONSTRUÇÃO PREVISTA;CUSTOS PREVISTOS
54.386.365/0001-25;2025-09-30;1;Imóveis para renda em construção;APTO 501 TORRE 4;CONSTRUÇÃO PREVISTA;CUSTOS PREVISTOS
54.386.365/0001-25;2025-09-30;1;Imóveis para renda em construção;APTO 501 TORRE 2;CONSTRUÇÃO PREVISTA;CUSTOS PREVISTOS
54.386.365/0001-25;2025-09-30;1;Imóveis para renda em construção;APTO 1201;CONSTRUÇÃO PREVISTA;CUSTOS PREVISTOS
54.386.365/0001-25;2025-09-30;1;Imóveis para renda em construção;APTO 1203 TORRE 2;CONSTRUÇÃO PREVISTA;CUSTOS PREVISTOS
54.386.365/0001-25;2025-09-30;1;Imóveis para renda em construção;APTO 502 TORRE 2;CONSTRUÇÃO PREVISTA;CUSTOS PREVISTOS
54.422.883/0001-57;2025-12-31;1;Imóveis para renda em construção;SAINT BARTHELEMY;as unidades foram adquiridas sem acabamento, necessitando de obra que possam estar habitaveis;não há
54.422.883/0001-57;2025-12-31;1;Imóveis para renda em construção;ARRAIAL CS13;Imóvel adquirido na planta a ser entregue pela incorporadora no 2o sem/26;não há
54.422.883/0001-57;2025-12-31;1;Imóveis para venda em construção;BOA VISTA 0268;O imóvel foi adquirido em estagio de obra inacabada.;não se aplica
54.485.027/0001-40;2025-06-30;1;Imóveis para renda em construção;APTO 1902 TORRE 3;evolucao conforme o previsto;custos conforme previsto
54.485.027/0001-40;2025-06-30;1;Imóveis para renda em construção;APTO  702 TIPO 2;evolucao conforme o previsto;custos conforme previsto
54.485.027/0001-40;2025-06-30;1;Imóveis para renda em construção;APTO 502 TORRE 2;evolucao conforme o previsto;custos conforme previsto
54.485.027/0001-40;2025-06-30;1;Imóveis para renda em construção;APTO 302 TORRE 2;evolucao conforme o previsto;custos conforme previsto
54.485.027/0001-40;2025-06-30;1;Imóveis para renda em construção;APTO 501 TORRE 2;evolucao conforme o previsto;custos conforme previsto
54.485.027/0001-40;2025-06-30;1;Imóveis para renda em construção;APTO 1203 TORRE 2;evolucao conforme o previsto;custos conforme previsto
54.485.027/0001-40;2025-06-30;1;Imóveis para renda em construção;APTO 1201;evolucao conforme o previsto;custos conforme previsto
54.485.027/0001-40;2025-06-30;1;Imóveis para renda em construção;APTO 501 TORRE 4;evolucao conforme o previsto;custos conforme previsto
54.485.027/0001-40;2025-09-30;1;Imóveis para renda em construção;APTO 501 TORRE 4;evolucao conforme o previsto;custos conforme previsto
54.485.027/0001-40;2025-09-30;1;Imóveis para renda em construção;APTO  702 TIPO 2;evolucao conforme o previsto;custos conforme previsto
54.485.027/0001-40;2025-09-30;1;Imóveis para renda em construção;APTO 502 TORRE 2;evolucao conforme o previsto;custos conforme previsto
54.485.027/0001-40;2025-09-30;1;Imóveis para renda em construção;APTO 1902 TORRE 3;evolucao conforme o previsto;custos conforme previsto
54.485.027/0001-40;2025-09-30;1;Imóveis para renda em construção;APTO 302 TORRE 2;evolucao conforme o previsto;custos conforme previsto
54.485.027/0001-40;2025-09-30;1;Imóveis para renda em construção;APTO 501 TORRE 2;evolucao conforme o previsto;custos conforme previsto
54.485.027/0001-40;2025-09-30;1;Imóveis para renda em construção;APTO 1201;evolucao conforme o previsto;custos conforme previsto
54.485.027/0001-40;2025-09-30;1;Imóveis para renda em construção;APTO 1203 TORRE 2;evolucao conforme o previsto;custos conforme previsto
55.089.373/0001-72;2025-03-31;1;Imóveis para renda em construção;Informação não apresentada;Informação não apresentada;Informação não apresentada
55.089.373/0001-72;2025-06-30;1;Imóveis para renda em construção;Informação não apresentada;Informação não apresentada;Informação não apresentada
55.089.373/0001-72;2025-09-30;1;Imóveis para renda em construção;Informação não apresentada;Informação não apresentada;Informação não apresentada
55.307.025/0001-24;2025-03-31;1;Imóveis para renda em construção;n/a;n/a;n/a
55.307.025/0001-24;2025-06-30;1;Imóveis para renda em construção;n/a;n/a;n/a
55.435.378/0001-00;2025-03-31;1;Imóveis para renda em construção;n/a;n/a;n/a
55.435.378/0001-00;2025-06-30;1;Imóveis para renda em construção;n/a;n/a;n/a
55.435.378/0001-00;2025-09-30;1;Imóveis para renda em construção;NA;NA;NA
55.435.378/0001-00;2025-12-31;2;Imóveis para renda em construção;NA;NA;NA
55.985.307/0001-80;2025-03-31;1;Imóveis para renda em construção;HELBOR PATTEO KLABIN;Imóvel em construção;Imóvel em construção
55.985.307/0001-80;2025-06-30;1;Imóveis para renda em construção;HELBOR PATTEO KLABIN;Imóvel em construção;Imóvel em construção
56.992.328/0001-96;2025-12-31;1;Imóveis para venda em construção;EE;N/A;N/A
56.992.328/0001-96;2025-12-31;1;Imóveis para venda em construção;VH;N/A;N/A
56.992.328/0001-96;2025-12-31;1;Imóveis para venda em construção;VSS;N/A;N/A
56.992.328/0001-96;2025-12-31;1;Imóveis para venda em construção;RCJ;N/A;N/A
56.992.328/0001-96;2025-12-31;1;Imóveis para venda em construção;VGL;N/A;N/A
56.992.328/0001-96;2025-12-31;1;Imóveis para venda em construção;VE;N/A;N/A
56.992.328/0001-96;2025-12-31;1;Imóveis para venda em construção;EL1;N/A;N/A
57.077.139/0001-50;2025-06-30;1;Imóveis para renda em construção;Empreendimento não residencial na cidade de Bonito - PE;Construção dentro do previsto.;Custos dentro do previsto.
57.077.139/0001-50;2025-09-30;1;Imóveis para renda em construção;Empreendimento Betim;N/A;N/A
57.077.139/0001-50;2025-09-30;1;Imóveis para renda em construção;Emprendimento Vespasiano;N/A;N/A
57.077.139/0001-50;2025-12-31;1;Imóveis para renda em construção;Betim Lote 06;N/A;N/A
57.077.139/0001-50;2025-12-31;1;Imóveis para renda em construção;Betim Lote 05;N/A;N/A
57.495.006/0001-02;2025-03-31;1;Imóveis para venda em construção;Imóvel Angélica;O projeto ainda está em desenvolvimento e aprovação. Portanto, ainda não há previsão de início de obras.;
57.495.006/0001-02;2025-06-30;1;Imóveis para venda em construção;Imóvel Angélica;O projeto ainda está em desenvolvimento e aprovação. Portanto, ainda não há previsão de início de obras.;
57.495.006/0001-02;2025-09-30;1;Imóveis para renda em construção;Imóvel Angélica;O projeto ainda está em desenvolvimento. Portanto, ainda não há previsão de início de obras.;
57.495.006/0001-02;2025-12-31;1;Imóveis para renda em construção;Imóvel Angélica;O projeto ainda está em desenvolvimento. Portanto, ainda não há previsão de início de obras.;
57.583.846/0001-19;2025-12-31;1;Imóveis para renda em construção;Helbor Patteo Vila Mariana;Não se aplica;Não se aplica
57.882.804/0001-89;2025-03-31;1;Imóveis para renda em construção;Não se aplica;Não se aplica;Não se aplica
57.882.804/0001-89;2025-06-30;1;Imóveis para renda em construção;Não se aplica;Não se aplica;Não se aplica
57.882.804/0001-89;2025-09-30;1;Imóveis para renda em construção;Afonso Baccari 205;Não aplicável;Não aplicável
57.882.804/0001-89;2025-09-30;1;Imóveis para renda em construção;Afonso Baccari 199;Não aplicável;Não aplicável
57.882.804/0001-89;2025-09-30;1;Imóveis para renda em construção;Afonso Baccari 225;Não aplicável;Não aplicável
57.882.804/0001-89;2025-09-30;1;Imóveis para renda em construção;Afonso Baccari 209;Não aplicável;Não aplicável
57.882.804/0001-89;2025-09-30;1;Imóveis para renda em construção;Terreno - Afonso Baccari 189;Não aplicável;Não aplicável
57.882.804/0001-89;2025-09-30;1;Imóveis para renda em construção;Afonso Baccari 219 221;Não aplicável;Não aplicável
57.882.804/0001-89;2025-09-30;1;Imóveis para renda em construção;Afonso Baccari 191;Não aplicável;Não aplicável
57.882.804/0001-89;2025-12-31;1;Imóveis para renda em construção;Afonso Baccari 219 221;Não aplicável;Não aplicável
57.882.804/0001-89;2025-12-31;1;Imóveis para renda em construção;Afonso Baccari 199;Não aplicável;Não aplicável
57.882.804/0001-89;2025-12-31;1;Imóveis para renda em construção;Afonso Baccari 191;Não aplicável;Não aplicável
57.882.804/0001-89;2025-12-31;1;Imóveis para renda em construção;Afonso Baccari 225;Não aplicável;Não aplicável
57.882.804/0001-89;2025-12-31;1;Imóveis para renda em construção;Afonso Baccari 209;Não aplicável;Não aplicável
57.882.804/0001-89;2025-12-31;1;Imóveis para renda em construção;Terreno - Afonso Baccari 189;Não aplicável;Não aplicável
57.882.804/0001-89;2025-12-31;1;Imóveis para renda em construção;Afonso Baccari 205;Não aplicável;Não aplicável
57.976.696/0001-03;2025-09-30;1;Imóveis para venda em construção;TER_TUMIARU;N/A;N/A
58.350.082/0001-84;2025-12-31;1;Imóveis para venda em construção;Namour - Horácio Lafer;Não se aplica;Não se aplica
58.372.239/0001-72;2025-03-31;1;Imóveis para renda em construção;n/a;n/a;n/a
58.544.087/0001-48;2025-06-30;1;Imóveis para renda em construção;Relação de Imóveis para renda em construção (nome, ou endereço, caso não possua um nome);Justificativas para evolução de construção inferior ao previsto (acumulado);Justificativas para a ocorrência de custos superiores ao previsto (acumulado)
58.544.087/0001-48;2025-06-30;1;Imóveis para venda em construção;Relação de Imóveis para venda em construção (nome, ou endereço, caso não possua um nome);Justificativas para evolução de construção inferior ao previsto (acumulado);Justificativas para a ocorrência de custos superiores ao previsto (acumulado)
58.863.998/0001-38;2025-06-30;3;Imóveis para venda em construção;N/A;N/A;N/A
58.863.998/0001-38;2025-06-30;3;Imóveis para renda em construção;N/A;N/A;N/A
59.658.166/0001-42;2025-09-30;2;Imóveis para renda em construção;BTG LOG AAA CAJAMAR;Não se aplica;Não se aplica
60.220.343/0001-93;2025-09-30;1;Imóveis para renda em construção;Obramax Uberlandia;n/a;n/a
60.220.343/0001-93;2025-12-31;1;Imóveis para renda em construção;Obramax Uberlandia;n/a;n/a
60.871.972/0001-83;2025-12-31;1;Imóveis para venda em construção;Edificio Loeb;Não se aplica;Não se aplica
62.173.916/0001-09;2025-09-30;1;Imóveis para renda em construção;Lotus Tower;Não se aplica;Não se aplica
62.173.916/0001-09;2025-12-31;1;Imóveis para renda em construção;Lotus Tower;Não se aplica;Não se aplica
62.254.106/0001-79;2025-09-30;1;Imóveis para venda em construção;GAGO COUTINHO;n/a;n/a
62.254.106/0001-79;2025-09-30;1;Imóveis para venda em construção;BARÃO DE ICARAÍ;n/a;n/a
62.254.106/0001-79;2025-12-31;1;Imóveis para venda em construção;GAGO COUTINHO;n/a;n/a
62.254.106/0001-79;2025-12-31;1;Imóveis para venda em construção;BARÃO DE ICARAÍ;n/a;n/a
62.529.006/0001-08;2025-12-31;1;Imóveis para renda em construção;Não aplicável;Não aplicável;Não aplicável
62.731.360/0001-10;2025-12-31;1;Imóveis para renda em construção;A Mata - Casa 06;N.A;N.A
62.731.360/0001-10;2025-12-31;1;Imóveis para renda em construção;A Mata - Casa 09;N.A;N.A
62.855.536/0001-46;2025-12-31;1;Imóveis para renda em construção;Lotus Tower;Não se aplica;Não se aplica
63.566.516/0001-18;2025-12-31;1;Imóveis para venda em construção;GENERAL ARTIGAS;n/a;n/a
63.574.892/0001-54;2025-12-31;1;Imóveis para venda em construção;GIO Jardins Unidade 2901;N/A;N/A
63.574.892/0001-54;2025-12-31;1;Imóveis para venda em construção;GIO Jardins Unidade 3301;N/A;N/A
63.574.892/0001-54;2025-12-31;1;Imóveis para venda em construção;HADDOCK 885 Unidade 801;N/A;N/A
63.574.892/0001-54;2025-12-31;1;Imóveis para venda em construção;HADDOCK 885 Unidade 1001;N/A;N/A
63.574.892/0001-54;2025-12-31;1;Imóveis para venda em construção;GIO Jardins Unidade 3101;N/A;N/A
63.574.892/0001-54;2025-12-31;1;Imóveis para venda em construção;GIO Jardins Unidade 1801;N/A;N/A
63.574.892/0001-54;2025-12-31;1;Imóveis para venda em construção;GIO Jardins Unidade 2401;N/A;N/A
63.574.892/0001-54;2025-12-31;1;Imóveis para venda em construção;HADDOCK 885 Unidade 901;N/A;N/A
63.574.892/0001-54;2025-12-31;1;Imóveis para venda em construção;GIO Jardins Unidade 1501;N/A;N/A
